fecha,tipo_generacion,valor_MWh,porcentaje
2020-09-30 22:00:00,Carbón,7216.28,0.005368632080583623
2020-10-01 22:00:00,Carbón,4905.389,0.0034218381971858193
2020-10-02 22:00:00,Carbón,4172.536,0.003045904020849738
2020-10-03 22:00:00,Carbón,4218.164,0.0034659560215711135
2020-10-04 22:00:00,Carbón,7025.343,0.005773226171358421
2020-10-05 22:00:00,Carbón,5652.26,0.00453969838478006
2020-10-06 22:00:00,Carbón,9916.608,0.007800416023005958
2020-10-07 22:00:00,Carbón,10140.061,0.008377041468387598
2020-10-08 22:00:00,Carbón,9543.185,0.007953769828704256
2020-10-09 22:00:00,Carbón,4329.06,0.003524151546875372
2020-10-10 22:00:00,Carbón,4688.581,0.003691146851295695
2020-10-11 22:00:00,Carbón,7174.305,0.005922224856925164
2020-10-12 22:00:00,Carbón,10397.52,0.007964688123873359
2020-10-13 22:00:00,Carbón,10147.157,0.007647575814159238
2020-10-14 22:00:00,Carbón,10119.269,0.007449569964226597
2020-10-15 22:00:00,Carbón,10006.576,0.0075979611514143735
2020-10-16 22:00:00,Carbón,8874.499,0.007880532271695707
2020-10-17 22:00:00,Carbón,8752.611,0.008218379127457797
2020-10-18 22:00:00,Carbón,6701.858,0.004799898587782618
2020-10-19 22:00:00,Carbón,6150.501,0.004198993638510312
2020-10-20 22:00:00,Carbón,9662.747,0.007175167468471844
2020-10-21 22:00:00,Carbón,9802.602,0.007710139160487726
2020-10-22 22:00:00,Carbón,7953.178,0.006180713089427632
2020-10-23 22:00:00,Carbón,4073.097,0.003345182372075816
2020-10-24 22:00:00,Carbón,4414.667,0.003369363467737466
2020-10-25 23:00:00,Carbón,5088.105,0.0036073644049693103
2020-10-26 23:00:00,Carbón,5473.65,0.003994453639110695
2020-10-27 23:00:00,Carbón,9841.762,0.00806997974181108
2020-10-28 23:00:00,Carbón,10008.767,0.008355022909531992
2020-10-29 23:00:00,Carbón,10044.471,0.008296915514022745
2020-10-30 23:00:00,Carbón,8453.715,0.007838011046787146
2020-10-31 23:00:00,Carbón,11332.415,0.010746920737784407
2020-11-01 23:00:00,Carbón,9989.15,0.00906310668270462
2020-11-02 23:00:00,Carbón,11685.427,0.00941470578576622
2020-11-03 23:00:00,Carbón,11090.142,0.008473384708220502
2020-11-04 23:00:00,Carbón,6235.661,0.004507009333449721
2020-11-05 23:00:00,Carbón,10960.531,0.007638838350052327
2020-11-06 23:00:00,Carbón,7776.867,0.0060560795297372955
2020-11-07 23:00:00,Carbón,5804.135,0.005114580928714495
2020-11-08 23:00:00,Carbón,9713.6,0.00810555572426368
2020-11-09 23:00:00,Carbón,11773.955,0.009336754991945188
2020-11-10 23:00:00,Carbón,8041.208,0.0064681753484845846
2020-11-11 23:00:00,Carbón,11140.676,0.009044685948199807
2020-11-12 23:00:00,Carbón,11537.011,0.009733662707723688
2020-11-13 23:00:00,Carbón,5695.914,0.00525081388060406
2020-11-14 23:00:00,Carbón,8234.637,0.006999009744779833
2020-11-15 23:00:00,Carbón,10760.762,0.008787050426253721
2020-11-16 23:00:00,Carbón,12934.532,0.011070606848844772
2020-11-17 23:00:00,Carbón,10483.101,0.008756232338461968
2020-11-18 23:00:00,Carbón,13098.607,0.009754775997915598
2020-11-19 23:00:00,Carbón,10645.091,0.00740747763757635
2020-11-20 23:00:00,Carbón,10478.342,0.009146083284330182
2020-11-21 23:00:00,Carbón,10167.523,0.009410240170665192
2020-11-22 23:00:00,Carbón,14999.461,0.011749144304920413
2020-11-23 23:00:00,Carbón,16962.962,0.012401994450474138
2020-11-24 23:00:00,Carbón,17075.086,0.012692085061763617
2020-11-25 23:00:00,Carbón,16853.078,0.011362151693260804
2020-11-26 23:00:00,Carbón,15253.689,0.010512198363446834
2020-11-27 23:00:00,Carbón,11354.395,0.009497715331868719
2020-11-28 23:00:00,Carbón,10570.253,0.00934177670450609
2020-11-29 23:00:00,Carbón,13530.66,0.010249141445243429
2020-11-30 23:00:00,Carbón,13349.312,0.009389747776533458
2020-12-01 23:00:00,Carbón,13048.336,0.008428263431901502
2020-12-02 23:00:00,Carbón,10215.101,0.006699300913383428
2020-12-03 23:00:00,Carbón,8800.885,0.00548017379036902
2020-12-04 23:00:00,Carbón,5827.537,0.0038990720876210644
2020-12-05 23:00:00,Carbón,8902.97,0.005953075819340573
2020-12-06 23:00:00,Carbón,6072.374,0.003970615660064055
2020-12-07 23:00:00,Carbón,9771.558,0.006393451007325787
2020-12-08 23:00:00,Carbón,8086.605,0.0049237685641794005
2020-12-09 23:00:00,Carbón,6177.397,0.0036863947042880016
2020-12-10 23:00:00,Carbón,5923.121,0.00363082458675771
2020-12-11 23:00:00,Carbón,5904.082,0.0037600257809872672
2020-12-12 23:00:00,Carbón,-95.362,7.111647676591622e-05
2020-12-13 23:00:00,Carbón,4350.546,0.003046451406347893
2020-12-14 23:00:00,Carbón,5721.569,0.0038375714404958743
2020-12-15 23:00:00,Carbón,9819.788,0.006647079813130496
2020-12-16 23:00:00,Carbón,11628.779,0.008241000775539046
2020-12-17 23:00:00,Carbón,5884.179,0.004215581241059912
2020-12-18 23:00:00,Carbón,5883.683,0.004633971134169512
2020-12-19 23:00:00,Carbón,5682.174,0.004586945137277712
2020-12-20 23:00:00,Carbón,5974.756,0.004272071843386679
2020-12-21 23:00:00,Carbón,6404.776,0.0049103129451808615
2020-12-22 23:00:00,Carbón,7193.543,0.005520924133643205
2020-12-23 23:00:00,Carbón,6784.255,0.005890556773583251
2020-12-24 23:00:00,Carbón,6554.901,0.004809053976492548
2020-12-25 23:00:00,Carbón,6259.44,0.004819423646565596
2020-12-26 23:00:00,Carbón,6022.434,0.004498139029468467
2020-12-27 23:00:00,Carbón,6021.295,0.003852822550339245
2020-12-28 23:00:00,Carbón,8020.397,0.005336950801262973
2020-12-29 23:00:00,Carbón,6046.789,0.003928650744067715
2020-12-30 23:00:00,Carbón,5752.753,0.004073870197925751
2020-09-30 22:00:00,Ciclo combinado,100786.657,0.07498135882545828
2020-10-01 22:00:00,Ciclo combinado,34468.881,0.02404435889183356
2020-10-02 22:00:00,Ciclo combinado,30292.734,0.022113352717180047
2020-10-03 22:00:00,Ciclo combinado,33519.338,0.02754197119414453
2020-10-04 22:00:00,Ciclo combinado,77659.7,0.06381852281089245
2020-10-05 22:00:00,Ciclo combinado,93910.49,0.07542563501447279
2020-10-06 22:00:00,Ciclo combinado,146643.493,0.11534995156274827
2020-10-07 22:00:00,Ciclo combinado,161291.05,0.1332478980481259
2020-10-08 22:00:00,Ciclo combinado,179392.359,0.14951460466440525
2020-10-09 22:00:00,Ciclo combinado,60667.05,0.049387136722952675
2020-10-10 22:00:00,Ciclo combinado,53375.82,0.04202081395806658
2020-10-11 22:00:00,Ciclo combinado,65668.0,0.054207433598733486
2020-10-12 22:00:00,Ciclo combinado,107444.464,0.08230440012587027
2020-10-13 22:00:00,Ciclo combinado,76882.611,0.05794387496054442
2020-10-14 22:00:00,Ciclo combinado,103144.508,0.0759325825582589
2020-10-15 22:00:00,Ciclo combinado,139749.244,0.10611115399028882
2020-10-16 22:00:00,Ciclo combinado,108861.134,0.09666840681602316
2020-10-17 22:00:00,Ciclo combinado,84005.603,0.07887816495954249
2020-10-18 22:00:00,Ciclo combinado,74073.082,0.053051449565852636
2020-10-19 22:00:00,Ciclo combinado,75489.997,0.05153759298212658
2020-10-20 22:00:00,Ciclo combinado,86958.888,0.06457217437982044
2020-10-21 22:00:00,Ciclo combinado,139288.872,0.10955627767274059
2020-10-22 22:00:00,Ciclo combinado,106833.079,0.0830239949060811
2020-10-23 22:00:00,Ciclo combinado,44753.691,0.03675563292956884
2020-10-24 22:00:00,Ciclo combinado,40084.054,0.0305929636791214
2020-10-25 23:00:00,Ciclo combinado,70074.979,0.049681754783671324
2020-10-26 23:00:00,Ciclo combinado,76803.778,0.05604836453363843
2020-10-27 23:00:00,Ciclo combinado,110689.518,0.09076242322165816
2020-10-28 23:00:00,Ciclo combinado,139578.623,0.11651610961129666
2020-10-29 23:00:00,Ciclo combinado,120668.301,0.09967420868830885
2020-10-30 23:00:00,Ciclo combinado,48017.63,0.044520393032002836
2020-10-31 23:00:00,Ciclo combinado,51565.301,0.04890115678493904
2020-11-01 23:00:00,Ciclo combinado,86821.855,0.07877304217629243
2020-11-02 23:00:00,Ciclo combinado,80719.926,0.06503436753648978
2020-11-03 23:00:00,Ciclo combinado,87471.645,0.06683240838087487
2020-11-04 23:00:00,Ciclo combinado,51697.546,0.03736593800375715
2020-11-05 23:00:00,Ciclo combinado,41107.481,0.028649469842003762
2020-11-06 23:00:00,Ciclo combinado,58661.876,0.0456817618739767
2020-11-07 23:00:00,Ciclo combinado,54004.411,0.047588474521536674
2020-11-08 23:00:00,Ciclo combinado,139536.676,0.1164369855559758
2020-11-09 23:00:00,Ciclo combinado,170494.643,0.13520237754689593
2020-11-10 23:00:00,Ciclo combinado,92543.611,0.07444009697671629
2020-11-11 23:00:00,Ciclo combinado,129464.876,0.10510754865706808
2020-11-12 23:00:00,Ciclo combinado,129347.144,0.10912891319106532
2020-11-13 23:00:00,Ciclo combinado,75580.406,0.06967426912107352
2020-11-14 23:00:00,Ciclo combinado,46664.566,0.03966243468533241
2020-11-15 23:00:00,Ciclo combinado,132851.855,0.10848450593985329
2020-11-16 23:00:00,Ciclo combinado,136263.509,0.11662731484857908
2020-11-17 23:00:00,Ciclo combinado,128545.505,0.10737035805005833
2020-11-18 23:00:00,Ciclo combinado,94748.709,0.0705611239719376
2020-11-19 23:00:00,Ciclo combinado,66891.084,0.04654673303245986
2020-11-20 23:00:00,Ciclo combinado,68617.631,0.05989330830196575
2020-11-21 23:00:00,Ciclo combinado,106795.414,0.0988412315237074
2020-11-22 23:00:00,Ciclo combinado,164673.878,0.12898977875757395
2020-11-23 23:00:00,Ciclo combinado,164735.796,0.12044196218717225
2020-11-24 23:00:00,Ciclo combinado,151401.998,0.11253864473285612
2020-11-25 23:00:00,Ciclo combinado,121278.122,0.0817643174284122
2020-11-26 23:00:00,Ciclo combinado,165889.693,0.11432417163266523
2020-11-27 23:00:00,Ciclo combinado,138303.922,0.1156883550763361
2020-11-28 23:00:00,Ciclo combinado,127918.841,0.1130520952451392
2020-11-29 23:00:00,Ciclo combinado,156680.887,0.11868191001985137
2020-11-30 23:00:00,Ciclo combinado,131784.28,0.09269549997123916
2020-12-01 23:00:00,Ciclo combinado,108901.146,0.07034211462089622
2020-12-02 23:00:00,Ciclo combinado,119526.219,0.07838807546983309
2020-12-03 23:00:00,Ciclo combinado,107543.635,0.06696574376872466
2020-12-04 23:00:00,Ciclo combinado,79304.788,0.053061024804390934
2020-12-05 23:00:00,Ciclo combinado,70879.393,0.04739434150152562
2020-12-06 23:00:00,Ciclo combinado,50051.19,0.03272756895718897
2020-12-07 23:00:00,Ciclo combinado,54746.64,0.03582028174582827
2020-12-08 23:00:00,Ciclo combinado,121444.937,0.0739453408543323
2020-12-09 23:00:00,Ciclo combinado,78077.067,0.0465929073872279
2020-12-10 23:00:00,Ciclo combinado,45656.738,0.02798720588040579
2020-12-11 23:00:00,Ciclo combinado,39143.128,0.02492837505110609
2020-12-12 23:00:00,Ciclo combinado,73233.503,0.054614088573919965
2020-12-13 23:00:00,Ciclo combinado,122049.518,0.085464657942976
2020-12-14 23:00:00,Ciclo combinado,120477.008,0.0808063531414535
2020-12-15 23:00:00,Ciclo combinado,133292.448,0.0902265446406324
2020-12-16 23:00:00,Ciclo combinado,171828.548,0.12177023893288781
2020-12-17 23:00:00,Ciclo combinado,128012.926,0.09171184110116139
2020-12-18 23:00:00,Ciclo combinado,85556.717,0.06738421443036785
2020-12-19 23:00:00,Ciclo combinado,61753.457,0.04985058875286788
2020-12-20 23:00:00,Ciclo combinado,104706.032,0.07486693869003933
2020-12-21 23:00:00,Ciclo combinado,87902.544,0.0673917401197997
2020-12-22 23:00:00,Ciclo combinado,89106.373,0.06838765336595796
2020-12-23 23:00:00,Ciclo combinado,64904.647,0.056354678298925945
2020-12-24 23:00:00,Ciclo combinado,47059.464,0.034525540886248006
2020-12-25 23:00:00,Ciclo combinado,37074.442,0.028545276008400865
2020-12-26 23:00:00,Ciclo combinado,30226.107,0.022575794372439784
2020-12-27 23:00:00,Ciclo combinado,21359.518,0.01366723148671125
2020-12-28 23:00:00,Ciclo combinado,36379.396,0.024207660372879667
2020-12-29 23:00:00,Ciclo combinado,87117.341,0.05660088462502179
2020-12-30 23:00:00,Ciclo combinado,55792.321,0.0395098961827506
2020-09-30 22:00:00,Cogeneración,78813.703,0.058634334354458216
2020-10-01 22:00:00,Cogeneración,73343.182,0.05116179403320541
2020-10-02 22:00:00,Cogeneración,64690.25,0.047223149802608
2020-10-03 22:00:00,Cogeneración,64207.438,0.05275758751100098
2020-10-04 22:00:00,Cogeneración,76210.639,0.06262772587911349
2020-10-05 22:00:00,Cogeneración,77986.466,0.0626360135122774
2020-10-06 22:00:00,Cogeneración,79938.309,0.06287957196408302
2020-10-07 22:00:00,Cogeneración,80078.464,0.06615548108169995
2020-10-08 22:00:00,Cogeneración,79887.962,0.06658264110276307
2020-10-09 22:00:00,Cogeneración,74706.622,0.06081631058084981
2020-10-10 22:00:00,Cogeneración,69400.405,0.054636378553425013
2020-10-11 22:00:00,Cogeneración,69228.504,0.057146548299318624
2020-10-12 22:00:00,Cogeneración,74920.452,0.057390419473068964
2020-10-13 22:00:00,Cogeneración,77605.505,0.058488696201666523
2020-10-14 22:00:00,Cogeneración,81417.045,0.05993733075067825
2020-10-15 22:00:00,Cogeneración,83274.905,0.06323036901710662
2020-10-16 22:00:00,Cogeneración,79262.609,0.07038499279376768
2020-10-17 22:00:00,Cogeneración,76539.536,0.07186780322896844
2020-10-18 22:00:00,Cogeneración,76447.989,0.054752367841861334
2020-10-19 22:00:00,Cogeneración,75133.452,0.0512941770088843
2020-10-20 22:00:00,Cogeneración,75504.464,0.056066579598659017
2020-10-21 22:00:00,Cogeneración,78906.481,0.06206310826190645
2020-10-22 22:00:00,Cogeneración,80958.715,0.06291605563257117
2020-10-23 22:00:00,Cogeneración,73736.556,0.06055888855796491
2020-10-24 22:00:00,Cogeneración,66006.598,0.05037757546171271
2020-10-25 23:00:00,Cogeneración,73224.813,0.051914923920935996
2020-10-26 23:00:00,Cogeneración,76449.198,0.05578960605047712
2020-10-27 23:00:00,Cogeneración,77470.885,0.06352403894040272
2020-10-28 23:00:00,Cogeneración,78837.17,0.06581093969643495
2020-10-29 23:00:00,Cogeneración,81532.074,0.06734697423697579
2020-10-30 23:00:00,Cogeneración,75958.51,0.07042627300275582
2020-10-31 23:00:00,Cogeneración,70255.877,0.06662607586137027
2020-11-01 23:00:00,Cogeneración,78542.741,0.07126144274888635
2020-11-02 23:00:00,Cogeneración,81875.936,0.06596574077902542
2020-11-03 23:00:00,Cogeneración,82075.539,0.06270953222073761
2020-11-04 23:00:00,Cogeneración,79771.183,0.05765699359239153
2020-11-05 23:00:00,Cogeneración,79761.387,0.055588943808376166
2020-11-06 23:00:00,Cogeneración,74416.764,0.05795056558504746
2020-11-07 23:00:00,Cogeneración,74918.838,0.06601818531723518
2020-11-08 23:00:00,Cogeneración,82260.15,0.0686423395766028
2020-11-09 23:00:00,Cogeneración,83454.395,0.06617939673763112
2020-11-10 23:00:00,Cogeneración,82560.253,0.06640969779904343
2020-11-11 23:00:00,Cogeneración,82152.979,0.06669684090660692
2020-11-12 23:00:00,Cogeneración,83799.629,0.07070092277093092
2020-11-13 23:00:00,Cogeneración,77775.799,0.07169810586400556
2020-11-14 23:00:00,Cogeneración,68309.611,0.058059588182347285
2020-11-15 23:00:00,Cogeneración,79891.513,0.06523801505513314
2020-11-16 23:00:00,Cogeneración,81217.705,0.06951386267554592
2020-11-17 23:00:00,Cogeneración,80409.882,0.06716405852622338
2020-11-18 23:00:00,Cogeneración,82599.376,0.0615132899588182
2020-11-19 23:00:00,Cogeneración,83098.785,0.057825000424821645
2020-11-20 23:00:00,Cogeneración,77764.982,0.06787762815686274
2020-11-21 23:00:00,Cogeneración,75148.425,0.0695513280567175
2020-11-22 23:00:00,Cogeneración,80501.282,0.0630570111118721
2020-11-23 23:00:00,Cogeneración,80197.351,0.0586340464622114
2020-11-24 23:00:00,Cogeneración,80975.814,0.06019014599595863
2020-11-25 23:00:00,Cogeneración,83073.322,0.05600707990713031
2020-11-26 23:00:00,Cogeneración,83922.108,0.05783557317673176
2020-11-27 23:00:00,Cogeneración,79263.324,0.06630212244771101
2020-11-28 23:00:00,Cogeneración,77203.947,0.0682312933834718
2020-11-29 23:00:00,Cogeneración,83081.796,0.06293241266345173
2020-11-30 23:00:00,Cogeneración,81874.154,0.05758930913271469
2020-12-01 23:00:00,Cogeneración,83048.454,0.053643180856482696
2020-12-02 23:00:00,Cogeneración,82930.948,0.05438804527572988
2020-12-03 23:00:00,Cogeneración,84503.538,0.05261903480627829
2020-12-04 23:00:00,Cogeneración,81864.182,0.054773456953105704
2020-12-05 23:00:00,Cogeneración,78004.555,0.05215866504873338
2020-12-06 23:00:00,Cogeneración,77494.766,0.050672427530418826
2020-12-07 23:00:00,Cogeneración,71226.05,0.046602625816715905
2020-12-08 23:00:00,Cogeneración,82773.239,0.05039893405743305
2020-12-09 23:00:00,Cogeneración,81118.454,0.048407871348665116
2020-12-10 23:00:00,Cogeneración,79420.714,0.04868424620889094
2020-12-11 23:00:00,Cogeneración,74961.605,0.04773943982894953
2020-12-12 23:00:00,Cogeneración,75597.723,0.05637721221540729
2020-12-13 23:00:00,Cogeneración,80723.72,0.05652644296132797
2020-12-14 23:00:00,Cogeneración,82134.281,0.05508911472556966
2020-12-15 23:00:00,Cogeneración,81872.513,0.05542004862147372
2020-12-16 23:00:00,Cogeneración,83780.05,0.05937265271140676
2020-12-17 23:00:00,Cogeneración,84405.642,0.060470431143379334
2020-12-18 23:00:00,Cogeneración,80645.287,0.06351598685123175
2020-12-19 23:00:00,Cogeneración,79369.507,0.06407117666262584
2020-12-20 23:00:00,Cogeneración,82730.661,0.05915410226674836
2020-12-21 23:00:00,Cogeneración,82447.94,0.06320989010162026
2020-12-22 23:00:00,Cogeneración,80172.889,0.061531353568609774
2020-12-23 23:00:00,Cogeneración,61431.667,0.05333919821105791
2020-12-24 23:00:00,Cogeneración,44211.352,0.03243600141965711
2020-12-25 23:00:00,Cogeneración,60133.189,0.04629923970994181
2020-12-26 23:00:00,Cogeneración,63371.744,0.04733217749698612
2020-12-27 23:00:00,Cogeneración,62644.348,0.040083994659902755
2020-12-28 23:00:00,Cogeneración,70767.742,0.047090431729311065
2020-12-29 23:00:00,Cogeneración,74228.603,0.048226960855928175
2020-12-30 23:00:00,Cogeneración,63184.293,0.04474459588821363
2020-09-30 22:00:00,Eólica,202069.343,0.15033174396396146
2020-10-01 22:00:00,Eólica,362141.601,0.2526180824990284
2020-10-02 22:00:00,Eólica,313480.693,0.22883735533197616
2020-10-03 22:00:00,Eólica,261043.37,0.21449257073520997
2020-10-04 22:00:00,Eólica,174135.986,0.1430999784281712
2020-10-05 22:00:00,Eólica,159326.298,0.12796533381047343
2020-10-06 22:00:00,Eólica,104700.807,0.08235778328078053
2020-10-07 22:00:00,Eólica,60860.039,0.05027850132959619
2020-10-08 22:00:00,Eólica,47713.121,0.03976651214904829
2020-10-09 22:00:00,Eólica,207886.029,0.1692334757832251
2020-10-10 22:00:00,Eólica,240611.613,0.18942464632905529
2020-10-11 22:00:00,Eólica,182531.926,0.15067593437129095
2020-10-12 22:00:00,Eólica,160913.406,0.1232625754737872
2020-10-13 22:00:00,Eólica,203330.763,0.15324365488711214
2020-10-14 22:00:00,Eólica,178396.309,0.13133120438396162
2020-10-15 22:00:00,Eólica,108654.749,0.08250120339051838
2020-10-16 22:00:00,Eólica,50615.935,0.04494682000973263
2020-10-17 22:00:00,Eólica,61569.031,0.05781105081308904
2020-10-18 22:00:00,Eólica,286094.698,0.20490221322240704
2020-10-19 22:00:00,Eólica,337545.054,0.2304445661347945
2020-10-20 22:00:00,Eólica,248219.226,0.18431761852446937
2020-10-21 22:00:00,Eólica,139597.522,0.10979904326211008
2020-10-22 22:00:00,Eólica,164826.92,0.1280931851310308
2020-10-23 22:00:00,Eólica,217944.326,0.1789948821324768
2020-10-24 22:00:00,Eólica,296799.757,0.2265235992814763
2020-10-25 23:00:00,Eólica,273106.861,0.19362728739369592
2020-10-26 23:00:00,Eólica,242435.649,0.17691996389944795
2020-10-27 23:00:00,Eólica,117497.73,0.09634497367532235
2020-10-28 23:00:00,Eólica,58611.502,0.04892714976500903
2020-10-29 23:00:00,Eólica,87597.57,0.0723571841188743
2020-10-30 23:00:00,Eólica,123578.626,0.11457810391464313
2020-10-31 23:00:00,Eólica,124997.753,0.1185396884858305
2020-11-01 23:00:00,Eólica,85909.074,0.07794488046273863
2020-11-02 23:00:00,Eólica,180385.632,0.1453329564473336
2020-11-03 23:00:00,Eólica,217090.302,0.1658670957747674
2020-11-04 23:00:00,Eólica,307061.822,0.22193805880404288
2020-11-05 23:00:00,Eólica,337007.847,0.2348744295264679
2020-11-06 23:00:00,Eólica,233176.939,0.1815818744341008
2020-11-07 23:00:00,Eólica,156796.883,0.13816879646556773
2020-11-08 23:00:00,Eólica,60642.909,0.05060373890019678
2020-11-09 23:00:00,Eólica,35969.335,0.02852370916299568
2020-11-10 23:00:00,Eólica,140141.366,0.11272671082058265
2020-11-11 23:00:00,Eólica,97545.045,0.07919306672485744
2020-11-12 23:00:00,Eólica,79494.748,0.06706893701215091
2020-11-13 23:00:00,Eólica,134220.609,0.12373210634857378
2020-11-14 23:00:00,Eólica,221124.76,0.18794445341696323
2020-11-15 23:00:00,Eólica,105926.196,0.08649748277243145
2020-11-16 23:00:00,Eólica,58955.701,0.05045991515340831
2020-11-17 23:00:00,Eólica,90292.685,0.07541887923464248
2020-11-18 23:00:00,Eólica,190155.554,0.14161237405088523
2020-11-19 23:00:00,Eólica,261162.728,0.18173231843940413
2020-11-20 23:00:00,Eólica,115674.095,0.100966823444923
2020-11-21 23:00:00,Eólica,56285.799,0.052093601045976164
2020-11-22 23:00:00,Eólica,46582.156,0.03648800932768946
2020-11-23 23:00:00,Eólica,100392.579,0.07339922164694977
2020-11-24 23:00:00,Eólica,121454.881,0.09027864813204325
2020-11-25 23:00:00,Eólica,231482.98,0.15606316740289558
2020-11-26 23:00:00,Eólica,155542.218,0.10719312879045131
2020-11-27 23:00:00,Eólica,70373.24,0.05886575202829186
2020-11-28 23:00:00,Eólica,52917.0,0.046766978791552935
2020-11-29 23:00:00,Eólica,86129.209,0.06524075289807987
2020-11-30 23:00:00,Eólica,177174.31,0.12462230887864105
2020-12-01 23:00:00,Eólica,268278.787,0.17328832504213504
2020-12-02 23:00:00,Eólica,227640.304,0.14929180793318453
2020-12-03 23:00:00,Eólica,309439.749,0.19268330425498892
2020-12-04 23:00:00,Eólica,284460.622,0.19032611397705862
2020-12-05 23:00:00,Eólica,318997.196,0.21330123475031879
2020-12-06 23:00:00,Eólica,384237.926,0.2512462384836859
2020-12-07 23:00:00,Eólica,345397.0,0.2259904508142207
2020-12-08 23:00:00,Eólica,276804.714,0.1685407348584319
2020-12-09 23:00:00,Eólica,363648.458,0.21700916256372996
2020-12-10 23:00:00,Eólica,382212.315,0.23429301387960547
2020-12-11 23:00:00,Eólica,345611.964,0.22010363251351237
2020-12-12 23:00:00,Eólica,198881.844,0.14831668838728818
2020-12-13 23:00:00,Eólica,179635.505,0.12578900138908175
2020-12-14 23:00:00,Eólica,190031.7,0.12745808443608383
2020-12-15 23:00:00,Eólica,161199.699,0.10911714846650582
2020-12-16 23:00:00,Eólica,61646.113,0.043686930935910605
2020-12-17 23:00:00,Eólica,123331.661,0.08835805921953774
2020-12-18 23:00:00,Eólica,135176.467,0.10646458113005368
2020-12-19 23:00:00,Eólica,129838.184,0.10481210655143064
2020-12-20 23:00:00,Eólica,156012.336,0.11155198770403041
2020-12-21 23:00:00,Eólica,132727.169,0.10175717872380048
2020-12-22 23:00:00,Eólica,141303.523,0.10844809439514126
2020-12-23 23:00:00,Eólica,131980.771,0.11459478227112482
2020-12-24 23:00:00,Eólica,287570.171,0.2109780871394079
2020-12-25 23:00:00,Eólica,228119.022,0.17563906816875272
2020-12-26 23:00:00,Eólica,265232.296,0.19810125648751534
2020-12-27 23:00:00,Eólica,391843.468,0.25072735179285094
2020-12-28 23:00:00,Eólica,310739.488,0.20677297638329448
2020-12-29 23:00:00,Eólica,235849.689,0.1532335684572406
2020-12-30 23:00:00,Eólica,233634.355,0.16545053056268977
2020-09-30 22:00:00,Generación total,672078.091,1.0
2020-10-01 22:00:00,Generación total,716776.878,1.0
2020-10-02 22:00:00,Generación total,684942.134,1.0
2020-10-03 22:00:00,Generación total,608513.78,1.0
2020-10-04 22:00:00,Generación total,608441.692,1.0
2020-10-05 22:00:00,Generación total,622536.953,1.0
2020-10-06 22:00:00,Generación total,635646.097,1.0
2020-10-07 22:00:00,Generación total,605229.247,1.0
2020-10-08 22:00:00,Generación total,599915.839,1.0
2020-10-09 22:00:00,Generación total,614198.899,1.0
2020-10-10 22:00:00,Generación total,635111.686,1.0
2020-10-11 22:00:00,Generación total,605710.284,1.0
2020-10-12 22:00:00,Generación total,652726.123,1.0
2020-10-13 22:00:00,Generación total,663423.106,1.0
2020-10-14 22:00:00,Generación total,679184.775,1.0
2020-10-15 22:00:00,Generación total,658504.025,1.0
2020-10-16 22:00:00,Generación total,563064.695,1.0
2020-10-17 22:00:00,Generación total,532502.265,1.0
2020-10-18 22:00:00,Generación total,698124.958,1.0
2020-10-19 22:00:00,Generación total,732377.985,1.0
2020-10-20 22:00:00,Generación total,673346.444,1.0
2020-10-21 22:00:00,Generación total,635695.53,1.0
2020-10-22 22:00:00,Generación total,643386.765,1.0
2020-10-23 22:00:00,Generación total,608800.44,1.0
2020-10-24 22:00:00,Generación total,655118.844,1.0
2020-10-25 23:00:00,Generación total,705238.566,1.0
2020-10-26 23:00:00,Generación total,685156.281,1.0
2020-10-27 23:00:00,Generación total,609776.128,1.0
2020-10-28 23:00:00,Generación total,598967.059,1.0
2020-10-29 23:00:00,Generación total,605313.564,1.0
2020-10-30 23:00:00,Generación total,539276.798,1.0
2020-10-31 23:00:00,Generación total,527240.094,1.0
2020-11-01 23:00:00,Generación total,551088.625,1.0
2020-11-02 23:00:00,Generación total,620594.38,1.0
2020-11-03 23:00:00,Generación total,654410.391,1.0
2020-11-04 23:00:00,Generación total,691773.695,1.0
2020-11-05 23:00:00,Generación total,717421.321,1.0
2020-11-06 23:00:00,Generación total,642071.076,1.0
2020-11-07 23:00:00,Generación total,567410.613,1.0
2020-11-08 23:00:00,Generación total,599193.956,1.0
2020-11-09 23:00:00,Generación total,630516.438,1.0
2020-11-10 23:00:00,Generación total,621597.867,1.0
2020-11-11 23:00:00,Generación total,615868.592,1.0
2020-11-12 23:00:00,Generación total,592634.62,1.0
2020-11-13 23:00:00,Generación total,542383.917,1.0
2020-11-14 23:00:00,Generación total,588271.577,1.0
2020-11-15 23:00:00,Generación total,612307.969,1.0
2020-11-16 23:00:00,Generación total,584183.513,1.0
2020-11-17 23:00:00,Generación total,598607.974,1.0
2020-11-18 23:00:00,Generación total,671394.556,1.0
2020-11-19 23:00:00,Generación total,718536.83,1.0
2020-11-20 23:00:00,Generación total,572832.199,1.0
2020-11-21 23:00:00,Generación total,540237.168,1.0
2020-11-22 23:00:00,Generación total,638321.422,1.0
2020-11-23 23:00:00,Generación total,683880.406,1.0
2020-11-24 23:00:00,Generación total,672666.702,1.0
2020-11-25 23:00:00,Generación total,741632.327,1.0
2020-11-26 23:00:00,Generación total,725523.267,1.0
2020-11-27 23:00:00,Generación total,597743.489,1.0
2020-11-28 23:00:00,Generación total,565751.748,1.0
2020-11-29 23:00:00,Generación total,660087.485,1.0
2020-11-30 23:00:00,Generación total,710845.079,1.0
2020-12-01 23:00:00,Generación total,774082.117,1.0
2020-12-02 23:00:00,Generación total,762400.52,1.0
2020-12-03 23:00:00,Generación total,802974.991,1.0
2020-12-04 23:00:00,Generación total,747297.93,1.0
2020-12-05 23:00:00,Generación total,747762.188,1.0
2020-12-06 23:00:00,Generación total,764664.037,1.0
2020-12-07 23:00:00,Generación total,764184.944,1.0
2020-12-08 23:00:00,Generación total,821180.453,1.0
2020-12-09 23:00:00,Generación total,837864.295,1.0
2020-12-10 23:00:00,Generación total,815671.6,1.0
2020-12-11 23:00:00,Generación total,785111.904,1.0
2020-12-12 23:00:00,Generación total,670368.111,1.0
2020-12-13 23:00:00,Generación total,714035.023,1.0
2020-12-14 23:00:00,Generación total,745467.425,1.0
2020-12-15 23:00:00,Generación total,738654.287,1.0
2020-12-16 23:00:00,Generación total,705544.103,1.0
2020-12-17 23:00:00,Generación total,697908.386,1.0
2020-12-18 23:00:00,Generación total,634842.431,1.0
2020-12-19 23:00:00,Generación total,619385.433,1.0
2020-12-20 23:00:00,Generación total,699280.843,1.0
2020-12-21 23:00:00,Generación total,652175.948,1.0
2020-12-22 23:00:00,Generación total,651479.972,1.0
2020-12-23 23:00:00,Generación total,575858.553,1.0
2020-12-24 23:00:00,Generación total,681516.68,1.0
2020-12-25 23:00:00,Generación total,649397.154,1.0
2020-12-26 23:00:00,Generación total,669436.178,1.0
2020-12-27 23:00:00,Generación total,781413.486,1.0
2020-12-28 23:00:00,Generación total,751402.561,1.0
2020-12-29 23:00:00,Generación total,769575.79,1.0
2020-12-30 23:00:00,Generación total,706055.019,1.0
2020-09-30 22:00:00,Hidráulica,43577.619,0.032420056228257554
2020-10-01 22:00:00,Hidráulica,42681.13,0.029772953976341852
2020-10-02 22:00:00,Hidráulica,41727.834,0.03046084620047626
2020-10-03 22:00:00,Hidráulica,42124.189,0.03461235421817399
2020-10-04 22:00:00,Hidráulica,46830.644,0.038484085341081456
2020-10-05 22:00:00,Hidráulica,53988.625,0.043361783376737156
2020-10-06 22:00:00,Hidráulica,60050.087,0.04723547213096472
2020-10-07 22:00:00,Hidráulica,66321.021,0.05479000009396439
2020-10-08 22:00:00,Hidráulica,67375.588,0.05615419998937551
2020-10-09 22:00:00,Hidráulica,40379.433,0.03287162600400558
2020-10-10 22:00:00,Hidráulica,35672.613,0.02808373218942786
2020-10-11 22:00:00,Hidráulica,41886.081,0.0345760028403282
2020-10-12 22:00:00,Hidráulica,65623.891,0.050269085829126536
2020-10-13 22:00:00,Hidráulica,65560.543,0.04941080767844105
2020-10-14 22:00:00,Hidráulica,74446.173,0.05480553727076699
2020-10-15 22:00:00,Hidráulica,80603.951,0.061202322187780094
2020-10-16 22:00:00,Hidráulica,85215.902,0.07567150165577333
2020-10-17 22:00:00,Hidráulica,75410.262,0.07080745656546646
2020-10-18 22:00:00,Hidráulica,42710.587,0.030589500139314597
2020-10-19 22:00:00,Hidráulica,58023.247,0.03961291040172379
2020-10-20 22:00:00,Hidráulica,57114.444,0.042410890046966666
2020-10-21 22:00:00,Hidráulica,85544.727,0.06728435466582564
2020-10-22 22:00:00,Hidráulica,75204.64,0.05844434801203907
2020-10-23 22:00:00,Hidráulica,52012.802,0.04271744777319807
2020-10-24 22:00:00,Hidráulica,49220.55,0.03756612288807861
2020-10-25 23:00:00,Hidráulica,68534.958,0.04858991077921283
2020-10-26 23:00:00,Hidráulica,69063.54,0.05039984446993634
2020-10-27 23:00:00,Hidráulica,85638.201,0.07022101806517424
2020-10-28 23:00:00,Hidráulica,88894.873,0.07420681293259569
2020-10-29 23:00:00,Hidráulica,82940.982,0.06851075783922132
2020-10-30 23:00:00,Hidráulica,61130.948,0.056678637229261995
2020-10-31 23:00:00,Hidráulica,55348.543,0.05248893590402857
2020-11-01 23:00:00,Hidráulica,78435.632,0.07116426327979461
2020-11-02 23:00:00,Hidráulica,72810.726,0.058662089398875954
2020-11-03 23:00:00,Hidráulica,77718.54,0.05938058217660543
2020-11-04 23:00:00,Hidráulica,70661.006,0.05107234237925165
2020-11-05 23:00:00,Hidráulica,68148.006,0.0474951078293922
2020-11-06 23:00:00,Hidráulica,70815.007,0.05514576940699941
2020-11-07 23:00:00,Hidráulica,73973.263,0.06518494834709765
2020-11-08 23:00:00,Hidráulica,107832.846,0.0899815868636699
2020-11-09 23:00:00,Hidráulica,118932.716,0.09431373143676865
2020-11-10 23:00:00,Hidráulica,93196.124,0.07496496444702246
2020-11-11 23:00:00,Hidráulica,97431.813,0.07910113802328793
2020-11-12 23:00:00,Hidráulica,96310.623,0.08125632535608533
2020-11-13 23:00:00,Hidráulica,70907.193,0.0653662385420621
2020-11-14 23:00:00,Hidráulica,48805.579,0.04148218349158827
2020-11-15 23:00:00,Hidráulica,88100.212,0.07194109538038691
2020-11-16 23:00:00,Hidráulica,93107.494,0.07969027876348164
2020-11-17 23:00:00,Hidráulica,78667.508,0.06570870370664325
2020-11-18 23:00:00,Hidráulica,71617.203,0.053334661682898715
2020-11-19 23:00:00,Hidráulica,63929.066,0.044485587468077306
2020-11-20 23:00:00,Hidráulica,62245.39,0.054331259755180064
2020-11-21 23:00:00,Hidráulica,55057.468,0.05095675682943755
2020-11-22 23:00:00,Hidráulica,94265.66,0.073838709426863
2020-11-23 23:00:00,Hidráulica,97032.046,0.0709422620890238
2020-11-24 23:00:00,Hidráulica,92146.977,0.06849378505434033
2020-11-25 23:00:00,Hidráulica,90158.853,0.06078406355660383
2020-11-26 23:00:00,Hidráulica,103729.538,0.07148601755317656
2020-11-27 23:00:00,Hidráulica,86579.33,0.0724218093490601
2020-11-28 23:00:00,Hidráulica,81995.436,0.07246591485564442
2020-11-29 23:00:00,Hidráulica,103068.533,0.07807187330630878
2020-11-30 23:00:00,Hidráulica,82586.169,0.05809013204127421
2020-12-01 23:00:00,Hidráulica,78218.432,0.05052334260293989
2020-12-02 23:00:00,Hidráulica,90490.393,0.059345705194429825
2020-12-03 23:00:00,Hidráulica,85901.409,0.05348946727034491
2020-12-04 23:00:00,Hidráulica,69347.647,0.04639892887164828
2020-12-05 23:00:00,Hidráulica,52966.395,0.035416604269377684
2020-12-06 23:00:00,Hidráulica,48583.562,0.03176791352095456
2020-12-07 23:00:00,Hidráulica,70025.051,0.045816821928907306
2020-12-08 23:00:00,Hidráulica,109330.003,0.06656880506628425
2020-12-09 23:00:00,Hidráulica,105882.872,0.06318617026161737
2020-12-10 23:00:00,Hidráulica,99111.473,0.060754519956315756
2020-12-11 23:00:00,Hidráulica,96470.486,0.061437411347669495
2020-12-12 23:00:00,Hidráulica,107092.592,0.0798645983805892
2020-12-13 23:00:00,Hidráulica,121686.713,0.08521060527867133
2020-12-14 23:00:00,Hidráulica,125786.775,0.08436772069550859
2020-12-15 23:00:00,Hidráulica,141327.973,0.0956658449611083
2020-12-16 23:00:00,Hidráulica,161640.864,0.11455050315968696
2020-12-17 23:00:00,Hidráulica,141146.025,0.1011207400794866
2020-12-18 23:00:00,Hidráulica,122691.754,0.09663165850992086
2020-12-19 23:00:00,Hidráulica,123824.718,0.09995772535386702
2020-12-20 23:00:00,Hidráulica,131551.348,0.09406188466112464
2020-12-21 23:00:00,Hidráulica,119474.196,0.09159659779418913
2020-12-22 23:00:00,Hidráulica,122071.757,0.09368803512504602
2020-12-23 23:00:00,Hidráulica,96448.392,0.08374312710781252
2020-12-24 23:00:00,Hidráulica,71789.6,0.05266899703760736
2020-12-25 23:00:00,Hidráulica,84068.898,0.06472841579468949
2020-12-26 23:00:00,Hidráulica,76949.976,0.057473720818237574
2020-12-27 23:00:00,Hidráulica,82633.201,0.05287418407826148
2020-12-28 23:00:00,Hidráulica,109962.589,0.0731715559058362
2020-12-29 23:00:00,Hidráulica,135206.416,0.08784476964900363
2020-12-30 23:00:00,Hidráulica,127716.634,0.09044382559654321
2020-09-30 22:00:00,Nuclear,160526.458,0.11942545081416737
2020-10-01 22:00:00,Nuclear,157933.375,0.11016913341336884
2020-10-02 22:00:00,Nuclear,144628.649,0.10557727567099852
2020-10-03 22:00:00,Nuclear,135796.96,0.111580842096953
2020-10-04 22:00:00,Nuclear,141387.054,0.11618784171022915
2020-10-05 22:00:00,Nuclear,145403.63,0.11678313174768279
2020-10-06 22:00:00,Nuclear,145270.41,0.11426988278982542
2020-10-07 22:00:00,Nuclear,145267.824,0.12001057840484698
2020-10-08 22:00:00,Nuclear,144793.149,0.12067788478576909
2020-10-09 22:00:00,Nuclear,144866.721,0.11793143982825667
2020-10-10 22:00:00,Nuclear,145196.406,0.11430777389285826
2020-10-11 22:00:00,Nuclear,145422.706,0.12004312114337488
2020-10-12 22:00:00,Nuclear,145457.99,0.11142344765631512
2020-10-13 22:00:00,Nuclear,145601.044,0.10973467963595468
2020-10-14 22:00:00,Nuclear,145655.34,0.10722806617683675
2020-10-15 22:00:00,Nuclear,145702.314,0.11063130100077977
2020-10-16 22:00:00,Nuclear,145573.69,0.12926906205689206
2020-10-17 22:00:00,Nuclear,145648.516,0.1367585882475073
2020-10-18 22:00:00,Nuclear,145607.589,0.10428476115303129
2020-10-19 22:00:00,Nuclear,145597.705,0.09940065647931785
2020-10-20 22:00:00,Nuclear,145581.537,0.10810299682818254
2020-10-21 22:00:00,Nuclear,145647.175,0.11455733769277879
2020-10-22 22:00:00,Nuclear,145637.678,0.11318050504194006
2020-10-23 22:00:00,Nuclear,145674.555,0.11964064529913941
2020-10-24 22:00:00,Nuclear,151445.202,0.11558605235296818
2020-10-25 23:00:00,Nuclear,145804.39,0.10337238845783712
2020-10-26 23:00:00,Nuclear,145934.985,0.10649758970829605
2020-10-27 23:00:00,Nuclear,145853.277,0.11959575842890327
2020-10-28 23:00:00,Nuclear,145833.384,0.12173739925153379
2020-10-29 23:00:00,Nuclear,145804.457,0.12043713016812554
2020-10-30 23:00:00,Nuclear,145722.296,0.13510899832927728
2020-10-31 23:00:00,Nuclear,145712.623,0.13818431551224172
2020-11-01 23:00:00,Nuclear,145628.789,0.13212828426643716
2020-11-02 23:00:00,Nuclear,145364.634,0.11711726587018077
2020-11-03 23:00:00,Nuclear,145237.215,0.1109679927133064
2020-11-04 23:00:00,Nuclear,145159.156,0.10491809463787144
2020-11-05 23:00:00,Nuclear,145221.896,0.10121102603807339
2020-11-06 23:00:00,Nuclear,145346.577,0.1131857378668152
2020-11-07 23:00:00,Nuclear,145332.52,0.12806644489041308
2020-11-08 23:00:00,Nuclear,145289.769,0.12123767900622816
2020-11-09 23:00:00,Nuclear,145409.846,0.11531011503937981
2020-11-10 23:00:00,Nuclear,145707.255,0.11720379262498337
2020-11-11 23:00:00,Nuclear,145597.597,0.11820508375591916
2020-11-12 23:00:00,Nuclear,145277.013,0.12256878698716586
2020-11-13 23:00:00,Nuclear,145269.283,0.13391739545256467
2020-11-14 23:00:00,Nuclear,145225.051,0.12343367984953657
2020-11-15 23:00:00,Nuclear,145197.671,0.11856588379629597
2020-11-16 23:00:00,Nuclear,144437.617,0.1236234965432857
2020-11-17 23:00:00,Nuclear,150162.609,0.1254265024207646
2020-11-18 23:00:00,Nuclear,158536.908,0.11806538091738712
2020-11-19 23:00:00,Nuclear,163955.245,0.11408965981604588
2020-11-20 23:00:00,Nuclear,169593.136,0.14803037983554412
2020-11-21 23:00:00,Nuclear,169839.74,0.1571899806790043
2020-11-22 23:00:00,Nuclear,169903.741,0.13308635363329543
2020-11-23 23:00:00,Nuclear,170058.922,0.12433381663518518
2020-11-24 23:00:00,Nuclear,169837.284,0.12624178028660618
2020-11-25 23:00:00,Nuclear,169211.576,0.11408050177942149
2020-11-26 23:00:00,Nuclear,169663.536,0.11692494487568239
2020-11-27 23:00:00,Nuclear,169415.853,0.14171283846472815
2020-11-28 23:00:00,Nuclear,169676.126,0.14995634268901983
2020-11-29 23:00:00,Nuclear,169431.315,0.12834004495631363
2020-11-30 23:00:00,Nuclear,168506.813,0.11852569426031012
2020-12-01 23:00:00,Nuclear,167303.499,0.10806573057674708
2020-12-02 23:00:00,Nuclear,170307.225,0.11169144074036046
2020-12-03 23:00:00,Nuclear,170019.787,0.10586866895335224
2020-12-04 23:00:00,Nuclear,170185.189,0.11386702824133342
2020-12-05 23:00:00,Nuclear,170080.934,0.11372662106311265
2020-12-06 23:00:00,Nuclear,160723.204,0.10509399960181467
2020-12-07 23:00:00,Nuclear,166433.082,0.10889581331505531
2020-12-08 23:00:00,Nuclear,170156.861,0.10360503612718118
2020-12-09 23:00:00,Nuclear,170615.33,0.10181561084423581
2020-12-10 23:00:00,Nuclear,170691.019,0.10463219450082607
2020-12-11 23:00:00,Nuclear,170847.645,0.10880464563685943
2020-12-12 23:00:00,Nuclear,170871.499,0.12742789568791318
2020-12-13 23:00:00,Nuclear,170811.896,0.11961030656615286
2020-12-14 23:00:00,Nuclear,170360.272,0.11426406190719869
2020-12-15 23:00:00,Nuclear,170708.335,0.11555360742122112
2020-12-16 23:00:00,Nuclear,170710.21,0.12097770307634474
2020-12-17 23:00:00,Nuclear,170442.02,0.12210916462608604
2020-12-18 23:00:00,Nuclear,170796.014,0.13451842981805984
2020-12-19 23:00:00,Nuclear,170770.787,0.1378550236262983
2020-12-20 23:00:00,Nuclear,170799.936,0.1221254219315143
2020-12-21 23:00:00,Nuclear,170730.172,0.1308927234464648
2020-12-22 23:00:00,Nuclear,170828.49,0.1311080135553269
2020-12-23 23:00:00,Nuclear,170814.239,0.14831266993441702
2020-12-24 23:00:00,Nuclear,170805.559,0.12531282359809595
2020-12-25 23:00:00,Nuclear,170820.778,0.1315225797863598
2020-12-26 23:00:00,Nuclear,170818.318,0.1275837216553898
2020-12-27 23:00:00,Nuclear,170807.028,0.10929362690830241
2020-12-28 23:00:00,Nuclear,170860.75,0.11369454861360259
2020-12-29 23:00:00,Nuclear,170919.756,0.1110480333587417
2020-12-30 23:00:00,Nuclear,170985.563,0.12108515512160109
2020-09-30 22:00:00,Otras renovables,12736.128,0.009475184632971468
2020-10-01 22:00:00,Otras renovables,12904.161,0.009001518740396645
2020-10-02 22:00:00,Otras renovables,13069.186,0.0095403577552436
2020-10-03 22:00:00,Otras renovables,12102.53,0.009944335196484787
2020-10-04 22:00:00,Otras renovables,12549.493,0.010312814822689698
2020-10-05 22:00:00,Otras renovables,12988.21,0.010431677940891646
2020-10-06 22:00:00,Otras renovables,12918.014,0.010161325666096238
2020-10-07 22:00:00,Otras renovables,12896.609,0.010654317404459471
2020-10-08 22:00:00,Otras renovables,14583.744,0.012154824937035876
2020-10-09 22:00:00,Otras renovables,14309.452,0.011648874675042359
2020-10-10 22:00:00,Otras renovables,14387.456,0.011326713330228347
2020-10-11 22:00:00,Otras renovables,14422.691,0.011905601886726428
2020-10-12 22:00:00,Otras renovables,14091.933,0.010794675211735017
2020-10-13 22:00:00,Otras renovables,13563.147,0.010222094224134547
2020-10-14 22:00:00,Otras renovables,13580.528,0.009997668160332361
2020-10-15 22:00:00,Otras renovables,14170.376,0.01075952117376959
2020-10-16 22:00:00,Otras renovables,14675.742,0.013032021125032534
2020-10-17 22:00:00,Otras renovables,15219.247,0.014290311985809115
2020-10-18 22:00:00,Otras renovables,13968.834,0.010004537038768925
2020-10-19 22:00:00,Otras renovables,13551.624,0.009251796393087923
2020-10-20 22:00:00,Otras renovables,13057.318,0.009695839427348337
2020-10-21 22:00:00,Otras renovables,13335.624,0.010489002494637644
2020-10-22 22:00:00,Otras renovables,13181.794,0.010244066801716072
2020-10-23 22:00:00,Otras renovables,12806.298,0.01051764844322386
2020-10-24 22:00:00,Otras renovables,12220.306,0.009326785599224802
2020-10-25 23:00:00,Otras renovables,12197.887,0.008648057258967315
2020-10-26 23:00:00,Otras renovables,12603.366,0.009197438854099916
2020-10-27 23:00:00,Otras renovables,13193.336,0.010818180143647734
2020-10-28 23:00:00,Otras renovables,12865.571,0.010739798463607996
2020-10-29 23:00:00,Otras renovables,12963.392,0.010707997285188871
2020-10-30 23:00:00,Otras renovables,13445.814,0.012466523731287992
2020-10-31 23:00:00,Otras renovables,13100.867,0.01242400487850607
2020-11-01 23:00:00,Otras renovables,13514.121,0.012261295540259063
2020-11-02 23:00:00,Otras renovables,13121.134,0.010571425090894314
2020-11-03 23:00:00,Otras renovables,12272.215,0.009376543502959139
2020-11-04 23:00:00,Otras renovables,12353.749,0.008929039286467811
2020-11-05 23:00:00,Otras renovables,12467.36,0.00868900856098198
2020-11-06 23:00:00,Otras renovables,13504.827,0.010516613740127422
2020-11-07 23:00:00,Otras renovables,13696.154,0.012068997024558653
2020-11-08 23:00:00,Otras renovables,13241.261,0.011049227772918323
2020-11-09 23:00:00,Otras renovables,13541.478,0.010738402033540637
2020-11-10 23:00:00,Otras renovables,13272.791,0.01067634857247668
2020-11-11 23:00:00,Otras renovables,13585.328,0.011029404792248279
2020-11-12 23:00:00,Otras renovables,13376.11,0.01128529244545315
2020-11-13 23:00:00,Otras renovables,13377.76,0.01233237157362098
2020-11-14 23:00:00,Otras renovables,12141.694,0.010319803365240608
2020-11-15 23:00:00,Otras renovables,12510.263,0.010215662406314363
2020-11-16 23:00:00,Otras renovables,12548.637,0.010740321081262695
2020-11-17 23:00:00,Otras renovables,12977.625,0.010839836390151396
2020-11-18 23:00:00,Otras renovables,13183.008,0.009817630990740414
2020-11-19 23:00:00,Otras renovables,13405.388,0.009328253918452586
2020-11-20 23:00:00,Otras renovables,13635.566,0.011901885075423283
2020-11-21 23:00:00,Otras renovables,13799.441,0.012771650876120396
2020-11-22 23:00:00,Otras renovables,13060.699,0.010230503434365391
2020-11-23 23:00:00,Otras renovables,12668.836,0.009262464525120494
2020-11-24 23:00:00,Otras renovables,12974.623,0.009644169215915788
2020-11-25 23:00:00,Otras renovables,13171.166,0.008879848895799278
2020-11-26 23:00:00,Otras renovables,13092.467,0.00902277541982675
2020-11-27 23:00:00,Otras renovables,13248.703,0.011082264586574192
2020-11-28 23:00:00,Otras renovables,13735.733,0.012139364172145695
2020-11-29 23:00:00,Otras renovables,13183.211,0.009985957391693315
2020-11-30 23:00:00,Otras renovables,13803.646,0.009709320925045048
2020-12-01 23:00:00,Otras renovables,13772.235,0.008895848836668063
2020-12-02 23:00:00,Otras renovables,13800.647,0.009050785406075013
2020-12-03 23:00:00,Otras renovables,12913.183,0.008040837600632072
2020-12-04 23:00:00,Otras renovables,14169.093,0.009480216946405834
2020-12-05 23:00:00,Otras renovables,14380.254,0.009615526320247689
2020-12-06 23:00:00,Otras renovables,14560.115,0.00952059616738586
2020-12-07 23:00:00,Otras renovables,14315.585,0.009366570954059518
2020-12-08 23:00:00,Otras renovables,14408.713,0.008773170956128446
2020-12-09 23:00:00,Otras renovables,14022.116,0.008367772731024419
2020-12-10 23:00:00,Otras renovables,14152.866,0.008675590764714624
2020-12-11 23:00:00,Otras renovables,14199.219,0.00904279945805025
2020-12-12 23:00:00,Otras renovables,14447.504,0.010774266296234158
2020-12-13 23:00:00,Otras renovables,14048.129,0.009837142820373955
2020-12-14 23:00:00,Otras renovables,13631.186,0.009142710695910019
2020-12-15 23:00:00,Otras renovables,14279.188,0.009665677334652767
2020-12-16 23:00:00,Otras renovables,14270.809,0.010113335891633126
2020-12-17 23:00:00,Otras renovables,14320.826,0.010259817969861735
2020-12-18 23:00:00,Otras renovables,13924.943,0.010967243460763573
2020-12-19 23:00:00,Otras renovables,14134.744,0.01141029740684909
2020-12-20 23:00:00,Otras renovables,13451.793,0.009618305102060404
2020-12-21 23:00:00,Otras renovables,13899.651,0.010656365849296854
2020-12-22 23:00:00,Otras renovables,13620.778,0.010453719673211995
2020-12-23 23:00:00,Otras renovables,13950.126,0.012112458803750718
2020-12-24 23:00:00,Otras renovables,13207.966,0.009690126733215098
2020-12-25 23:00:00,Otras renovables,12186.37,0.009382832928152932
2020-12-26 23:00:00,Otras renovables,11975.576,0.008944524058871523
2020-12-27 23:00:00,Otras renovables,11633.27,0.007443735108508225
2020-12-28 23:00:00,Otras renovables,11420.097,0.007599186902425262
2020-12-29 23:00:00,Otras renovables,12446.13,0.008086357550307033
2020-12-30 23:00:00,Otras renovables,12756.288,0.00903349431469731
2020-09-30 22:00:00,Residuos no renovables,5799.9835,0.0043149624855127145
2020-10-01 22:00:00,Residuos no renovables,5487.86,0.0038281508293854308
2020-10-02 22:00:00,Residuos no renovables,5278.619,0.0038533320830865985
2020-10-03 22:00:00,Residuos no renovables,5288.1825,0.00434516248752822
2020-10-04 22:00:00,Residuos no renovables,4717.183,0.0038764462248586343
2020-10-05 22:00:00,Residuos no renovables,4609.752,0.0037023922658612047
2020-10-06 22:00:00,Residuos no renovables,4642.8275,0.0036520538094328924
2020-10-07 22:00:00,Residuos no renovables,5258.8405,0.004344502951622892
2020-10-08 22:00:00,Residuos no renovables,4832.538,0.004027679955954621
2020-10-09 22:00:00,Residuos no renovables,4885.759,0.003977342688137903
2020-10-10 22:00:00,Residuos no renovables,5119.8335,0.004030656034882028
2020-10-11 22:00:00,Residuos no renovables,4825.3845,0.003983244652983307
2020-10-12 22:00:00,Residuos no renovables,4874.5,0.003733955045031958
2020-10-13 22:00:00,Residuos no renovables,4252.2095,0.0032047493232772637
2020-10-14 22:00:00,Residuos no renovables,4167.4325,0.0030679666663611526
2020-10-15 22:00:00,Residuos no renovables,4374.0595,0.0033212093882038158
2020-10-16 22:00:00,Residuos no renovables,4502.1915,0.003997934464706582
2020-10-17 22:00:00,Residuos no renovables,4686.4265,0.004400381752366819
2020-10-18 22:00:00,Residuos no renovables,5224.0445,0.0037414824095144293
2020-10-19 22:00:00,Residuos no renovables,5180.6285,0.003536854333490104
2020-10-20 22:00:00,Residuos no renovables,4904.8575,0.003642149998493197
2020-10-21 22:00:00,Residuos no renovables,4297.915,0.003380482319892984
2020-10-22 22:00:00,Residuos no renovables,4504.4185,0.0035005526574672387
2020-10-23 22:00:00,Residuos no renovables,4612.1165,0.0037878721802500673
2020-10-24 22:00:00,Residuos no renovables,4279.868,0.0032664821346521976
2020-10-25 23:00:00,Residuos no renovables,4938.3325,0.0035011787061004266
2020-10-26 23:00:00,Residuos no renovables,6097.6235,0.004449804861381692
2020-10-27 23:00:00,Residuos no renovables,6315.2375,0.005178324642449762
2020-10-28 23:00:00,Residuos no renovables,6247.3025,0.005215063504852944
2020-10-29 23:00:00,Residuos no renovables,6275.0525,0.00518330735770527
2020-10-30 23:00:00,Residuos no renovables,6267.646,0.0058111585954046556
2020-10-31 23:00:00,Residuos no renovables,6028.2295,0.005716778341216213
2020-11-01 23:00:00,Residuos no renovables,6115.04,0.0055481457270144165
2020-11-02 23:00:00,Residuos no renovables,6107.3495,0.00492056462064642
2020-11-03 23:00:00,Residuos no renovables,5887.707,0.0044984822070161775
2020-11-04 23:00:00,Residuos no renovables,5069.797,0.00366434647388551
2020-11-05 23:00:00,Residuos no renovables,4906.224,0.003419346384326373
2020-11-06 23:00:00,Residuos no renovables,5985.3035,0.004660935310532505
2020-11-07 23:00:00,Residuos no renovables,6118.7235,0.005391795077333178
2020-11-08 23:00:00,Residuos no renovables,6273.3825,0.005234851284114087
2020-11-09 23:00:00,Residuos no renovables,6052.517,0.004799650441468743
2020-11-10 23:00:00,Residuos no renovables,5789.9375,0.00465730161522578
2020-11-11 23:00:00,Residuos no renovables,5627.6275,0.004568854113606105
2020-11-12 23:00:00,Residuos no renovables,5972.729,0.005039132712159137
2020-11-13 23:00:00,Residuos no renovables,5927.0945,0.005463929067793506
2020-11-14 23:00:00,Residuos no renovables,5525.59,0.0046964618180082495
2020-11-15 23:00:00,Residuos no renovables,5933.0565,0.0048448303797921
2020-11-16 23:00:00,Residuos no renovables,6050.8515,0.005178896156215212
2020-11-17 23:00:00,Residuos no renovables,6169.07,0.005152846493822349
2020-11-18 23:00:00,Residuos no renovables,6144.428,0.004575869691740545
2020-11-19 23:00:00,Residuos no renovables,6531.8315,0.0045452308269292195
2020-11-20 23:00:00,Residuos no renovables,6327.075,0.005522625134415672
2020-11-21 23:00:00,Residuos no renovables,5792.674,0.005361232383774084
2020-11-22 23:00:00,Residuos no renovables,6292.2675,0.0049287610309904336
2020-11-23 23:00:00,Residuos no renovables,6240.4835,0.004562554684451656
2020-11-24 23:00:00,Residuos no renovables,6408.36,0.004763399155143552
2020-11-25 23:00:00,Residuos no renovables,6434.8745,0.004338318507521045
2020-11-26 23:00:00,Residuos no renovables,6361.6855,0.004384205020953518
2020-11-27 23:00:00,Residuos no renovables,6315.6375,0.0052828994512059005
2020-11-28 23:00:00,Residuos no renovables,6382.5525,0.005640771347647696
2020-11-29 23:00:00,Residuos no renovables,5970.937,0.004522837605381959
2020-11-30 23:00:00,Residuos no renovables,6156.586,0.004330469593079929
2020-12-01 23:00:00,Residuos no renovables,6186.1135,0.003995773422576045
2020-12-02 23:00:00,Residuos no renovables,6138.9645,0.00402607575608684
2020-12-03 23:00:00,Residuos no renovables,6136.4435,0.003821067635218542
2020-12-04 23:00:00,Residuos no renovables,6239.199,0.004174505742308158
2020-12-05 23:00:00,Residuos no renovables,6123.259,0.004094389298004996
2020-12-06 23:00:00,Residuos no renovables,6186.242,0.004045071888218015
2020-12-07 23:00:00,Residuos no renovables,6049.191,0.003957936522758815
2020-12-08 23:00:00,Residuos no renovables,6220.683,0.0037876467816995154
2020-12-09 23:00:00,Residuos no renovables,6128.8805,0.0036574422233853513
2020-12-10 23:00:00,Residuos no renovables,6035.473,0.0036996954411554848
2020-12-11 23:00:00,Residuos no renovables,6081.3615,0.0038729265656377056
2020-12-12 23:00:00,Residuos no renovables,6254.3135,0.00466417169008102
2020-12-13 23:00:00,Residuos no renovables,6284.605,0.004400768027873053
2020-12-14 23:00:00,Residuos no renovables,6326.43,0.0042432638823889585
2020-12-15 23:00:00,Residuos no renovables,6007.0595,0.004066218531268065
2020-12-16 23:00:00,Residuos no renovables,6212.5035,0.004402632998833242
2020-12-17 23:00:00,Residuos no renovables,6323.0045,0.0045299674189614916
2020-12-18 23:00:00,Residuos no renovables,6094.378,0.004799913886033242
2020-12-19 23:00:00,Residuos no renovables,5880.7675,0.0047472600957988624
2020-12-20 23:00:00,Residuos no renovables,5906.2505,0.0042230890200434116
2020-12-21 23:00:00,Residuos no renovables,5769.7215,0.004423439347689652
2020-12-22 23:00:00,Residuos no renovables,5445.692,0.0041794776770205915
2020-12-23 23:00:00,Residuos no renovables,5418.018,0.004704295848150752
2020-12-24 23:00:00,Residuos no renovables,5077.9295,0.0037254623760639284
2020-12-25 23:00:00,Residuos no renovables,5509.235,0.004241807163817659
2020-12-26 23:00:00,Residuos no renovables,5581.562,0.004168852971671931
2020-12-27 23:00:00,Residuos no renovables,5263.285,0.0033677976476592314
2020-12-28 23:00:00,Residuos no renovables,5168.626,0.0034393188606659537
2020-12-29 23:00:00,Residuos no renovables,4637.8635,0.0030132597466456163
2020-12-30 23:00:00,Residuos no renovables,4101.528,0.0029045385201064626
2020-09-30 22:00:00,Residuos renovables,1752.4265,0.0013037372616867525
2020-10-01 22:00:00,Residuos renovables,1659.78,0.0011578079950285449
2020-10-02 22:00:00,Residuos renovables,1618.348,0.0011813757101997759
2020-10-03 22:00:00,Residuos renovables,1631.8665,0.0013408624041348744
2020-10-04 22:00:00,Residuos renovables,1750.24,0.0014382972296382345
2020-10-05 22:00:00,Residuos renovables,1739.321,0.001396962053110444
2020-10-06 22:00:00,Residuos renovables,1835.5315,0.0014438313305650643
2020-10-07 22:00:00,Residuos renovables,1796.9965,0.0014845585444749666
2020-10-08 22:00:00,Residuos renovables,1778.454,0.0014822529131457052
2020-10-09 22:00:00,Residuos renovables,1853.619,0.001508972910093087
2020-10-10 22:00:00,Residuos renovables,1869.0265,0.0014714156117732024
2020-10-11 22:00:00,Residuos renovables,1865.5465,0.0015399660112094117
2020-10-12 22:00:00,Residuos renovables,2166.864,0.0016598569627034833
2020-10-13 22:00:00,Residuos renovables,2253.6475,0.0016984994037877242
2020-10-14 22:00:00,Residuos renovables,2153.3745,0.0015852641131421119
2020-10-15 22:00:00,Residuos renovables,2311.8415,0.0017553738566746043
2020-10-16 22:00:00,Residuos renovables,2341.5205,0.002079264177627049
2020-10-17 22:00:00,Residuos renovables,2350.3175,0.002206861505086744
2020-10-18 22:00:00,Residuos renovables,2320.8755,0.0016622206908694988
2020-10-19 22:00:00,Residuos renovables,2325.0985,0.0015873623645309331
2020-10-20 22:00:00,Residuos renovables,2294.9335,0.0017041253580898095
2020-10-21 22:00:00,Residuos renovables,2337.743,0.0018387285183521739
2020-10-22 22:00:00,Residuos renovables,2332.6085,0.001812757603119175
2020-10-23 22:00:00,Residuos renovables,2274.6865,0.001868170873858107
2020-10-24 22:00:00,Residuos renovables,2324.391,0.0017740223940192444
2020-10-25 23:00:00,Residuos renovables,2353.0975,0.0016682989370153077
2020-10-26 23:00:00,Residuos renovables,2351.3145,0.001715896478806417
2020-10-27 23:00:00,Residuos renovables,2345.3675,0.0019231381750648
2020-10-28 23:00:00,Residuos renovables,2340.9985,0.001954196365914006
2020-10-29 23:00:00,Residuos renovables,2309.3045,0.0019075274678629207
2020-10-30 23:00:00,Residuos renovables,2328.681,0.0021590776838873015
2020-10-31 23:00:00,Residuos renovables,2234.6555,0.0021192010295028887
2020-11-01 23:00:00,Residuos renovables,2166.563,0.001965711957854329
2020-11-02 23:00:00,Residuos renovables,2180.5805,0.0017568484103900521
2020-11-03 23:00:00,Residuos renovables,2179.557,0.0016652830012902405
2020-11-04 23:00:00,Residuos renovables,1994.406,0.0014415162172363321
2020-11-05 23:00:00,Residuos renovables,2070.074,0.0014427184831324522
2020-11-06 23:00:00,Residuos renovables,2369.6375,0.00184530777710971
2020-11-07 23:00:00,Residuos renovables,2316.3335,0.0020411439678164785
2020-11-08 23:00:00,Residuos renovables,2290.9205,0.0019116685649612929
2020-11-09 23:00:00,Residuos renovables,2279.889,0.001807953657189188
2020-11-10 23:00:00,Residuos renovables,2286.9695,0.001839589243635548
2020-11-11 23:00:00,Residuos renovables,2300.3875,0.0018675960504249906
2020-11-12 23:00:00,Residuos renovables,2296.839,0.0019378204735997363
2020-11-13 23:00:00,Residuos renovables,2288.2455,0.0021094333997370355
2020-11-14 23:00:00,Residuos renovables,2182.716,0.0018551941699539221
2020-11-15 23:00:00,Residuos renovables,2287.7315,0.0018681216118550956
2020-11-16 23:00:00,Residuos renovables,2295.5005,0.0019647083912140463
2020-11-17 23:00:00,Residuos renovables,2254.973,0.0018835140007673872
2020-11-18 23:00:00,Residuos renovables,2162.225,0.001610249130468076
2020-11-19 23:00:00,Residuos renovables,2259.2325,0.0015721062621104611
2020-11-20 23:00:00,Residuos renovables,2268.161,0.0019797778511399635
2020-11-21 23:00:00,Residuos renovables,2291.437,0.0021207694839685673
2020-11-22 23:00:00,Residuos renovables,2262.5585,0.001772272104632578
2020-11-23 23:00:00,Residuos renovables,2133.8855,0.001560130602718277
2020-11-24 23:00:00,Residuos renovables,2279.571,0.001694428305446283
2020-11-25 23:00:00,Residuos renovables,2311.8165,0.001558600141765395
2020-11-26 23:00:00,Residuos renovables,2357.4975,0.0016246877303798446
2020-11-27 23:00:00,Residuos renovables,2366.8275,0.0019798019916198537
2020-11-28 23:00:00,Residuos renovables,2351.1475,0.002077896805720519
2020-11-29 23:00:00,Residuos renovables,2236.412,0.0016940269667436582
2020-11-30 23:00:00,Residuos renovables,2287.728,0.0016091607493564713
2020-12-01 23:00:00,Residuos renovables,2319.0415,0.0014979299024421202
2020-12-02 23:00:00,Residuos renovables,2260.0005,0.0014821609119574054
2020-12-03 23:00:00,Residuos renovables,2244.7465,0.001397768626146415
2020-12-04 23:00:00,Residuos renovables,2323.415,0.0015545439822106826
2020-12-05 23:00:00,Residuos renovables,2330.023,0.0015579973401917992
2020-12-06 23:00:00,Residuos renovables,2314.986,0.0015137275247586934
2020-12-07 23:00:00,Residuos renovables,2271.128,0.0014859805979113873
2020-12-08 23:00:00,Residuos renovables,2318.241,0.0014115295800885314
2020-12-09 23:00:00,Residuos renovables,2310.8095,0.00137898793025904
2020-12-10 23:00:00,Residuos renovables,2275.112,0.0013946249936861847
2020-12-11 23:00:00,Residuos renovables,2276.7515,0.0014499534960560221
2020-12-12 23:00:00,Residuos renovables,2328.4525,0.0017364499288688318
2020-12-13 23:00:00,Residuos renovables,2302.124,0.001612052578546977
2020-12-14 23:00:00,Residuos renovables,2330.969,0.0015634278050446
2020-12-15 23:00:00,Residuos renovables,2329.3765,0.0015767704466054225
2020-12-16 23:00:00,Residuos renovables,2299.1105,0.00162931735253976
2020-12-17 23:00:00,Residuos renovables,2314.9685,0.0016585045734068599
2020-12-18 23:00:00,Residuos renovables,2264.904,0.0017838316166362232
2020-12-19 23:00:00,Residuos renovables,2006.1655,0.0016194806925657875
2020-12-20 23:00:00,Residuos renovables,1946.8595,0.0013920440689092354
2020-12-21 23:00:00,Residuos renovables,2131.0795,0.0016338225187047225
2020-12-22 23:00:00,Residuos renovables,2220.101,0.0017038904459214903
2020-12-23 23:00:00,Residuos renovables,2231.942,0.0019379255447127134
2020-12-24 23:00:00,Residuos renovables,2031.2475,0.0014902404883179086
2020-12-25 23:00:00,Residuos renovables,2170.511,0.0016711737852796319
2020-12-26 23:00:00,Residuos renovables,2145.839,0.001602721118547017
2020-12-27 23:00:00,Residuos renovables,1970.172,0.0012606462745384458
2020-12-28 23:00:00,Residuos renovables,1906.604,0.0012686967671913484
2020-12-29 23:00:00,Residuos renovables,1346.8765,0.0008750772292356027
2020-12-30 23:00:00,Residuos renovables,874.529,0.0006193065529359263
2020-09-30 22:00:00,Solar fotovoltaica,47222.971,0.03513205655144619
2020-10-01 22:00:00,Solar fotovoltaica,20116.307,0.014032474831031032
2020-10-02 22:00:00,Solar fotovoltaica,49968.963,0.036476777029459256
2020-10-03 22:00:00,Solar fotovoltaica,39162.417,0.03217874293660203
2020-10-04 22:00:00,Solar fotovoltaica,52375.58,0.04304075533338041
2020-10-05 22:00:00,Solar fotovoltaica,49840.178,0.04002989522133636
2020-10-06 22:00:00,Solar fotovoltaica,50787.037,0.03994914563284103
2020-10-07 22:00:00,Solar fotovoltaica,47381.567,0.03914348755852508
2020-10-08 22:00:00,Solar fotovoltaica,43141.705,0.03595646438666541
2020-10-09 22:00:00,Solar fotovoltaica,44884.934,0.036539412617865995
2020-10-10 22:00:00,Solar fotovoltaica,47940.707,0.03774195000405016
2020-10-11 22:00:00,Solar fotovoltaica,53260.098,0.0439649939970311
2020-10-12 22:00:00,Solar fotovoltaica,48932.792,0.03748340251428853
2020-10-13 22:00:00,Solar fotovoltaica,48034.737,0.03620218874318195
2020-10-14 22:00:00,Solar fotovoltaica,49048.69,0.03610850228496361
2020-10-15 22:00:00,Solar fotovoltaica,52471.38,0.03984135100768746
2020-10-16 22:00:00,Solar fotovoltaica,48509.377,0.043076201927382436
2020-10-17 22:00:00,Solar fotovoltaica,45457.141,0.04268257995109186
2020-10-18 22:00:00,Solar fotovoltaica,39662.54,0.028406476194194445
2020-10-19 22:00:00,Solar fotovoltaica,13121.059,0.008957846404954405
2020-10-20 22:00:00,Solar fotovoltaica,28380.643,0.021074324556765608
2020-10-21 22:00:00,Solar fotovoltaica,15958.544,0.012552034147542298
2020-10-22 22:00:00,Solar fotovoltaica,36313.963,0.02822094343205832
2020-10-23 22:00:00,Solar fotovoltaica,41435.838,0.03403072277674438
2020-10-24 22:00:00,Solar fotovoltaica,26177.683,0.01997933904645857
2020-10-25 23:00:00,Solar fotovoltaica,41573.058,0.029474464389969278
2020-10-26 23:00:00,Solar fotovoltaica,39288.578,0.028671252887485392
2020-10-27 23:00:00,Solar fotovoltaica,35030.249,0.028723860603477085
2020-10-28 23:00:00,Solar fotovoltaica,43190.57,0.036054211455391574
2020-10-29 23:00:00,Solar fotovoltaica,43639.182,0.03604675708208647
2020-10-30 23:00:00,Solar fotovoltaica,42898.412,0.0397740197233555
2020-10-31 23:00:00,Solar fotovoltaica,38805.585,0.03680067718825647
2020-11-01 23:00:00,Solar fotovoltaica,35810.317,0.03249052455038425
2020-11-02 23:00:00,Solar fotovoltaica,24347.511,0.01961628382777169
2020-11-03 23:00:00,Solar fotovoltaica,13037.201,0.009961028415271602
2020-11-04 23:00:00,Solar fotovoltaica,11185.165,0.008084410466055668
2020-11-05 23:00:00,Solar fotovoltaica,15405.17,0.010736487437066287
2020-11-06 23:00:00,Solar fotovoltaica,26594.125,0.020709642587918096
2020-11-07 23:00:00,Solar fotovoltaica,30457.247,0.026838806238543168
2020-11-08 23:00:00,Solar fotovoltaica,28632.668,0.02389265421762699
2020-11-09 23:00:00,Solar fotovoltaica,35700.292,0.028310357865721492
2020-11-10 23:00:00,Solar fotovoltaica,31722.544,0.025516934407369834
2020-11-11 23:00:00,Solar fotovoltaica,28460.546,0.02310602161702703
2020-11-12 23:00:00,Solar fotovoltaica,24150.835,0.020375821952487348
2020-11-13 23:00:00,Solar fotovoltaica,11078.361,0.010212656250277424
2020-11-14 23:00:00,Solar fotovoltaica,26799.94,0.022778543998905453
2020-11-15 23:00:00,Solar fotovoltaica,26324.536,0.02149615661787998
2020-11-16 23:00:00,Solar fotovoltaica,32196.314,0.027556678067359286
2020-11-17 23:00:00,Solar fotovoltaica,32617.059,0.027244089969306027
2020-11-18 23:00:00,Solar fotovoltaica,32818.834,0.024440795435940355
2020-11-19 23:00:00,Solar fotovoltaica,38438.666,0.02674787456615132
2020-11-20 23:00:00,Solar fotovoltaica,38401.009,0.03351854964423883
2020-11-21 23:00:00,Solar fotovoltaica,37821.576,0.03500460375580823
2020-11-22 23:00:00,Solar fotovoltaica,38082.497,0.029830188747762252
2020-11-23 23:00:00,Solar fotovoltaica,29643.369,0.021672918788084125
2020-11-24 23:00:00,Solar fotovoltaica,17382.407,0.012920519886236317
2020-11-25 23:00:00,Solar fotovoltaica,7394.154,0.004985053732696849
2020-11-26 23:00:00,Solar fotovoltaica,9393.324,0.006473482262561264
2020-11-27 23:00:00,Solar fotovoltaica,20120.695,0.016830543009059864
2020-11-28 23:00:00,Solar fotovoltaica,22328.846,0.019733784366495675
2020-11-29 23:00:00,Solar fotovoltaica,25563.903,0.019364026421437152
2020-11-30 23:00:00,Solar fotovoltaica,29413.871,0.020689368097883392
2020-12-01 23:00:00,Solar fotovoltaica,28737.454,0.018562277417913792
2020-12-02 23:00:00,Solar fotovoltaica,33422.948,0.021919546959385597
2020-12-03 23:00:00,Solar fotovoltaica,15224.545,0.009480086659386381
2020-12-04 23:00:00,Solar fotovoltaica,29728.553,0.019890696739920045
2020-12-05 23:00:00,Solar fotovoltaica,23782.565,0.015902492384383578
2020-12-06 23:00:00,Solar fotovoltaica,14128.832,0.009238588004891355
2020-12-07 23:00:00,Solar fotovoltaica,22747.776,0.014883685015390726
2020-12-08 23:00:00,Solar fotovoltaica,27137.948,0.01652374207207292
2020-12-09 23:00:00,Solar fotovoltaica,9638.013,0.005751535814042536
2020-12-10 23:00:00,Solar fotovoltaica,9944.836,0.006096102892389535
2020-12-11 23:00:00,Solar fotovoltaica,27014.0,0.017203916959078486
2020-12-12 23:00:00,Solar fotovoltaica,20701.399,0.015438125888776048
2020-12-13 23:00:00,Solar fotovoltaica,11884.346,0.008321962941025093
2020-12-14 23:00:00,Solar fotovoltaica,26528.926,0.017793484403426478
2020-12-15 23:00:00,Solar fotovoltaica,17264.501,0.011686455561043809
2020-12-16 23:00:00,Solar fotovoltaica,20275.782,0.014368897644942827
2020-12-17 23:00:00,Solar fotovoltaica,20180.117,0.01445756879041141
2020-12-18 23:00:00,Solar fotovoltaica,11347.573,0.008937314557035335
2020-12-19 23:00:00,Solar fotovoltaica,24593.272,0.019852962864239657
2020-12-20 23:00:00,Solar fotovoltaica,23134.095,0.016541347608460086
2020-12-21 23:00:00,Solar fotovoltaica,26056.366,0.019976484934706613
2020-12-22 23:00:00,Solar fotovoltaica,18417.581,0.014135185877978147
2020-12-23 23:00:00,Solar fotovoltaica,20665.611,0.017943304733723384
2020-12-24 23:00:00,Solar fotovoltaica,30309.339,0.02223668171995438
2020-12-25 23:00:00,Solar fotovoltaica,35757.818,0.02753154812871262
2020-12-26 23:00:00,Solar fotovoltaica,31011.879,0.023162685270947513
2020-12-27 23:00:00,Solar fotovoltaica,24804.701,0.015871687297702972
2020-12-28 23:00:00,Solar fotovoltaica,24458.937,0.01627552145114395
2020-12-29 23:00:00,Solar fotovoltaica,34871.097,0.02265605119932372
2020-12-30 23:00:00,Solar fotovoltaica,27566.235,0.019521308012966622
2020-09-30 22:00:00,Solar térmica,11576.522,0.008612482801496351
2020-10-01 22:00:00,Solar térmica,1135.212,0.0007918865931944864
2020-10-02 22:00:00,Solar térmica,16014.322,0.011690273677922112
2020-10-03 22:00:00,Solar térmica,9419.325,0.007739615198196498
2020-10-04 22:00:00,Solar térmica,13799.83,0.011340306048586822
2020-10-05 22:00:00,Solar térmica,17091.723,0.01372747667237675
2020-10-06 22:00:00,Solar térmica,18942.973,0.014900565809656817
2020-10-07 22:00:00,Solar térmica,13936.775,0.011513633114296606
2020-10-08 22:00:00,Solar térmica,6874.034,0.005729165287132883
2020-10-09 22:00:00,Solar térmica,15430.22,0.01256125664269548
2020-10-10 22:00:00,Solar térmica,16849.225,0.013264773244937583
2020-10-11 22:00:00,Solar térmica,19425.042,0.016034928342078474
2020-10-12 22:00:00,Solar térmica,17902.311,0.013713493584199635
2020-10-13 22:00:00,Solar térmica,16191.742,0.012203179127740542
2020-10-14 22:00:00,Solar térmica,17056.106,0.012556307670471556
2020-10-15 22:00:00,Solar térmica,17184.629,0.013048233835776479
2020-10-16 22:00:00,Solar térmica,14632.095,0.012993262701366848
2020-10-17 22:00:00,Solar térmica,12863.574,0.012078421863614047
2020-10-18 22:00:00,Solar térmica,5312.861,0.003805093156403097
2020-10-19 22:00:00,Solar térmica,259.619,0.00017724385857939196
2020-10-20 22:00:00,Solar térmica,1667.386,0.0012381338127331074
2020-10-21 22:00:00,Solar térmica,978.325,0.000769491803725598
2020-10-22 22:00:00,Solar térmica,5639.771,0.004382877692549364
2020-10-23 22:00:00,Solar térmica,9476.474,0.0077829066614997855
2020-10-24 22:00:00,Solar térmica,2145.768,0.0016376936945504807
2020-10-25 23:00:00,Solar térmica,8342.085,0.005914370967625159
2020-10-26 23:00:00,Solar térmica,8654.599,0.006315784617320031
2020-10-27 23:00:00,Solar térmica,5900.565,0.004838304362088769
2020-10-28 23:00:00,Solar térmica,12558.298,0.010483296043831353
2020-10-29 23:00:00,Solar térmica,11538.778,0.009531240241627891
2020-10-30 23:00:00,Solar térmica,11474.52,0.010638803711336383
2020-10-31 23:00:00,Solar térmica,7858.245,0.007452245276323768
2020-11-01 23:00:00,Solar térmica,8155.343,0.007399302607634117
2020-11-02 23:00:00,Solar térmica,1995.524,0.001607752232625761
2020-11-03 23:00:00,Solar térmica,350.328,0.00026766689895056997
2020-11-04 23:00:00,Solar térmica,584.204,0.00042225080559040346
2020-11-05 23:00:00,Solar térmica,365.345,0.000254623740127177
2020-11-06 23:00:00,Solar térmica,3423.153,0.002665711887635318
2020-11-07 23:00:00,Solar térmica,3992.105,0.0035178272211838246
2020-11-08 23:00:00,Solar térmica,3479.774,0.0029037125334421764
2020-11-09 23:00:00,Solar térmica,6907.372,0.005477551086463505
2020-11-10 23:00:00,Solar térmica,6335.808,0.005096388144459317
2020-11-11 23:00:00,Solar térmica,2561.717,0.0020797594107542995
2020-11-12 23:00:00,Solar térmica,1071.939,0.000904384391178497
2020-11-13 23:00:00,Solar térmica,263.252,0.00024268049968745667
2020-11-14 23:00:00,Solar térmica,3257.433,0.0027686472773441506
2020-11-15 23:00:00,Solar térmica,2524.173,0.0020611956138039417
2020-11-16 23:00:00,Solar térmica,4175.652,0.003573921470803302
2020-11-17 23:00:00,Solar térmica,6027.957,0.005034978869158867
2020-11-18 23:00:00,Solar térmica,6329.704,0.0047138481712681625
2020-11-19 23:00:00,Solar térmica,8219.713,0.005719757607971187
2020-11-20 23:00:00,Solar térmica,7826.812,0.00683167951597637
2020-11-21 23:00:00,Solar térmica,7237.671,0.006698605194820658
2020-11-22 23:00:00,Solar térmica,7697.222,0.006029268120034987
2020-11-23 23:00:00,Solar térmica,3814.176,0.0027886279286089095
2020-11-24 23:00:00,Solar térmica,729.701,0.0005423941736898997
2020-11-25 23:00:00,Solar térmica,262.385,0.0001768969544931932
2020-11-26 23:00:00,Solar térmica,317.511,0.00021881517412452608
2020-11-27 23:00:00,Solar térmica,401.562,0.00033589826354428096
2020-11-28 23:00:00,Solar térmica,671.866,0.0005937816386561124
2020-11-29 23:00:00,Solar térmica,1210.622,0.0009170163254950971
2020-11-30 23:00:00,Solar térmica,3908.21,0.002748988573922448
2020-12-01 23:00:00,Solar térmica,4268.619,0.0027572132892975747
2020-12-02 23:00:00,Solar térmica,5667.77,0.0037170554395739397
2020-12-03 23:00:00,Solar térmica,247.07,0.00015384663455851017
2020-12-04 23:00:00,Solar térmica,3847.705,0.0025744116539972214
2020-12-05 23:00:00,Solar térmica,1314.644,0.000879052204763261
2020-12-06 23:00:00,Solar térmica,310.84,0.00020325266061911053
2020-12-07 23:00:00,Solar térmica,1201.883,0.0007863822818262695
2020-12-08 23:00:00,Solar térmica,2498.509,0.0015212910821685134
2020-12-09 23:00:00,Solar térmica,244.898,0.00014614419152447593
2020-12-10 23:00:00,Solar térmica,247.933,0.00015198089525245208
2020-12-11 23:00:00,Solar térmica,2601.662,0.0016568733620933608
2020-12-12 23:00:00,Solar térmica,1054.643,0.0007865029509221302
2020-12-13 23:00:00,Solar térmica,257.921,0.00018060808762317533
2020-12-14 23:00:00,Solar térmica,2138.309,0.0014342068669197718
2020-12-15 23:00:00,Solar térmica,553.406,0.00037460420235806467
2020-12-16 23:00:00,Solar térmica,1251.334,0.0008867865202751189
2020-12-17 23:00:00,Solar térmica,1547.017,0.0011083238366475226
2020-12-18 23:00:00,Solar térmica,460.711,0.0003628546057281417
2020-12-19 23:00:00,Solar térmica,1531.657,0.0012364328561792314
2020-12-20 23:00:00,Solar térmica,3066.776,0.002192807103683234
2020-12-21 23:00:00,Solar térmica,4632.333,0.003551444218546987
2020-12-22 23:00:00,Solar térmica,1099.245,0.0008436521821425999
2020-12-23 23:00:00,Solar térmica,1228.885,0.0010670024727409057
2020-12-24 23:00:00,Solar térmica,2899.151,0.0021269846249397737
2020-12-25 23:00:00,Solar térmica,7297.451,0.005618634879326866
2020-12-26 23:00:00,Solar térmica,6100.447,0.0045564067199248375
2020-12-27 23:00:00,Solar térmica,2433.2,0.0015569221952230292
2020-12-28 23:00:00,Solar térmica,1717.935,0.001143152212386457
2020-12-29 23:00:00,Solar térmica,6905.229,0.004486386584484421
2020-12-30 23:00:00,Solar térmica,3690.52,0.0026134790495696484
