DATE;CONCEPT;H1;H2;H3;H4;H5;H6;H7;H8;H9;H10;H11;H12;H13;H14;H15;H16;H17;H18;H19;H20;H21;H22;H23;H24;H25
2024-01-01;PRICE_SP;63.33;50.09;47.5;43.5;42.5;42.09;42.5;42.59;43.37;42.29;25.0;3.9;3.2;2.06;1.73;5.72;18.49;37.0;47.5;54.97;60.9;60.0;47.5;42.09;
2024-01-02;PRICE_SP;37.8;25.0;3.99;14.0;10.0;14.54;36.29;44.7;53.78;54.23;50.0;52.2;45.0;43.0;43.0;40.99;43.66;52.2;57.77;62.45;58.0;52.83;46.26;40.1;
2024-01-03;PRICE_SP;6.8;3.2;3.2;3.2;3.2;2.21;4.78;45.42;61.92;67.0;63.6;57.1;55.0;55.42;61.0;66.03;67.52;89.57;94.2;104.35;113.26;113.26;94.2;86.58;
2024-01-04;PRICE_SP;90.39;87.0;80.21;70.1;66.86;68.14;86.74;94.51;96.0;98.13;95.0;90.35;89.0;85.96;92.11;98.62;99.5;100.0;102.57;104.0;105.18;102.42;99.41;90.39;
2024-01-05;PRICE_SP;86.08;80.51;77.01;70.67;61.1;68.26;75.0;86.39;90.88;90.0;76.47;57.68;45.87;44.07;40.0;30.55;44.37;67.0;75.47;78.19;79.94;78.26;75.0;68.0;
2024-01-06;PRICE_SP;52.5;45.0;44.2;43.5;23.99;23.99;30.51;44.4;45.8;45.0;25.0;4.0;3.2;3.2;3.2;3.2;25.0;65.0;85.96;92.05;92.14;88.0;86.57;79.87;
2024-01-07;PRICE_SP;84.08;79.82;76.76;73.46;71.86;72.08;74.9;77.69;81.79;84.86;61.0;55.87;50.6;51.77;49.98;45.57;60.0;92.05;104.85;103.55;100.5;95.89;91.17;83.86;
2024-01-08;PRICE_SP;86.97;84.18;81.53;78.79;78.43;82.1;94.3;111.07;120.4;116.98;110.57;103.0;95.46;93.88;100.0;107.98;115.27;125.17;129.99;130.0;133.28;129.47;115.42;107.98;
2024-01-09;PRICE_SP;98.92;100.0;98.43;98.62;97.15;97.53;102.79;108.28;122.55;120.75;110.32;107.67;107.01;106.48;107.07;114.75;124.29;137.35;137.0;138.95;148.01;130.0;111.86;106.11;
2024-01-10;PRICE_SP;92.33;90.12;87.01;85.8;85.0;86.3;95.0;103.94;121.4;121.4;105.38;102.97;99.99;98.5;94.76;94.73;99.37;102.7;111.29;121.4;120.0;107.71;101.32;92.68;
2024-01-11;PRICE_SP;91.75;86.18;82.1;80.0;79.6;81.1;85.91;102.05;113.84;110.0;97.63;86.18;83.89;82.18;83.0;85.0;97.63;118.5;128.93;132.31;117.93;108.33;100.0;93.26;
2024-01-12;PRICE_SP;88.98;86.45;84.99;83.0;83.14;85.0;89.0;102.77;113.28;105.0;100.0;94.58;92.0;91.78;90.1;92.01;100.98;107.1;126.0;119.47;110.0;102.26;98.0;95.49;
2024-01-13;PRICE_SP;90.0;87.48;82.0;78.47;75.0;75.0;78.3;85.59;92.71;94.83;90.93;83.39;73.96;71.45;74.51;80.4;91.23;99.3;107.99;103.14;100.0;97.61;93.12;90.0;
2024-01-14;PRICE_SP;86.1;82.78;78.66;72.53;69.34;69.13;69.71;72.95;77.9;79.45;74.69;69.0;67.8;65.4;63.1;62.3;65.13;72.84;86.18;92.01;86.03;84.49;82.97;72.52;
2024-01-15;PRICE_SP;77.7;67.0;64.99;62.04;62.1;65.1;69.13;86.74;99.52;100.33;94.92;90.3;85.7;82.41;84.99;90.1;95.82;100.0;112.85;113.9;107.58;100.0;97.21;91.0;
2024-01-16;PRICE_SP;86.59;83.33;80.94;78.65;78.35;80.37;89.0;101.0;127.07;120.18;99.28;91.69;93.0;89.42;90.0;88.0;84.88;88.0;89.02;99.49;99.78;88.75;75.99;60.0;
2024-01-17;PRICE_SP;19.13;15.93;6.0;4.9;4.9;5.0;16.7;44.2;45.5;45.5;44.8;34.52;17.29;12.99;5.1;5.0;18.38;43.5;45.4;49.1;54.88;46.8;43.37;18.03;
2024-01-18;PRICE_SP;3.2;3.2;1.68;0.43;0.99;3.2;3.2;30.1;47.19;55.77;45.27;43.66;39.19;35.0;35.3;45.4;62.17;96.02;103.71;99.6;105.34;98.84;92.14;73.61;
2024-01-19;PRICE_SP;71.82;67.44;67.17;60.0;54.79;50.0;60.0;74.4;82.32;87.33;81.0;78.0;78.74;70.83;61.13;60.14;63.0;69.18;80.5;84.2;82.88;80.5;74.4;61.0;
2024-01-20;PRICE_SP;73.75;63.92;63.81;63.81;63.68;66.1;70.3;75.93;84.09;88.31;82.85;76.64;74.65;69.84;73.41;79.21;87.97;95.07;99.94;99.58;99.94;99.58;94.46;85.78;
2024-01-21;PRICE_SP;69.07;59.11;58.2;57.57;57.5;57.5;57.5;59.0;60.1;59.0;58.64;56.8;56.36;47.42;52.67;53.75;56.89;64.89;83.98;93.52;95.62;94.52;76.83;59.2;
2024-01-22;PRICE_SP;47.0;41.8;35.0;25.0;28.1;40.0;49.01;75.0;92.69;86.66;71.08;61.99;57.67;58.48;59.87;59.99;66.07;79.09;98.18;104.91;119.0;103.21;94.27;75.93;
2024-01-23;PRICE_SP;61.1;59.0;58.5;59.87;58.5;58.5;65.55;90.1;97.5;91.86;81.0;66.65;61.91;61.03;62.01;64.0;66.62;84.0;96.98;115.0;129.01;106.76;92.5;84.51;
2024-01-24;PRICE_SP;86.0;78.93;73.73;71.69;70.94;71.69;80.19;93.18;101.5;89.02;70.69;61.8;59.87;58.2;58.2;60.5;64.0;88.61;94.94;150.41;152.17;103.0;88.04;74.86;
2024-01-25;PRICE_SP;64.97;60.53;60.0;55.36;57.26;63.29;72.45;83.5;95.53;89.84;74.71;65.01;64.97;64.97;65.0;61.85;67.67;75.59;94.72;113.0;135.36;103.01;80.95;73.58;
2024-01-26;PRICE_SP;63.37;65.0;63.86;63.86;62.48;63.86;69.57;80.02;115.0;77.3;66.19;62.39;55.78;50.7;53.61;55.52;63.38;73.74;89.62;96.8;111.07;93.0;74.98;70.45;
2024-01-27;PRICE_SP;64.97;61.06;59.05;55.9;55.9;57.22;59.36;66.19;78.09;73.4;62.01;54.4;47.0;47.7;47.5;47.0;55.2;74.43;95.97;92.51;92.53;89.5;75.97;72.7;
2024-01-28;PRICE_SP;62.03;58.2;52.9;47.21;44.0;43.2;47.05;51.4;55.29;55.1;42.0;37.0;42.0;39.93;40.09;38.03;43.12;60.8;71.14;71.55;69.87;63.11;60.34;56.0;
2024-01-29;PRICE_SP;49.97;47.26;48.12;47.97;51.58;60.06;80.66;88.7;99.26;88.39;78.9;71.27;70.24;73.81;78.03;78.78;82.87;89.86;110.0;107.52;108.5;92.18;87.0;80.29;
2024-01-30;PRICE_SP;71.94;68.64;69.37;65.1;64.0;69.37;79.02;91.04;95.95;88.7;77.15;70.1;68.1;68.23;71.93;71.95;78.89;88.83;99.76;107.0;123.22;95.06;88.7;78.78;
2024-01-31;PRICE_SP;74.09;71.48;70.89;69.82;69.25;74.01;84.44;93.29;120.23;93.23;82.98;72.19;70.01;66.5;65.8;64.95;66.26;77.0;91.0;119.47;168.35;94.54;85.0;77.52;
2024-02-01;PRICE_SP;69.0;60.44;55.1;54.6;53.47;59.82;72.42;88.76;95.76;88.77;62.8;55.98;54.44;54.0;54.44;54.6;60.44;76.0;101.89;99.05;94.0;83.66;82.13;71.19;
2024-02-02;PRICE_SP;62.95;60.05;58.0;54.69;52.41;55.0;61.0;80.34;90.75;83.98;61.42;54.0;54.0;55.5;53.3;55.91;55.5;70.95;80.16;83.83;83.98;76.46;68.44;55.0;
2024-02-03;PRICE_SP;56.44;52.71;51.18;50.83;51.16;52.57;53.5;56.8;63.0;59.1;53.28;45.27;41.58;39.81;41.76;46.44;53.0;64.87;81.43;87.76;95.68;92.71;86.11;70.79;
2024-02-04;PRICE_SP;66.62;64.78;64.91;63.92;61.75;61.75;60.0;59.8;63.92;53.0;44.7;40.0;34.28;35.65;35.0;32.0;43.35;54.93;77.5;89.0;129.81;119.77;82.94;75.0;
2024-02-05;PRICE_SP;71.66;73.0;69.1;67.87;67.87;69.78;73.22;83.15;98.59;87.36;76.68;69.74;60.0;50.0;51.0;59.71;68.8;76.44;89.13;129.47;181.26;111.36;81.06;75.75;
2024-02-06;PRICE_SP;74.5;75.0;70.75;68.88;65.1;68.88;74.5;82.06;121.06;96.06;79.61;72.48;71.0;56.47;51.5;56.44;61.33;71.0;78.77;89.01;88.87;78.28;69.03;56.09;
2024-02-07;PRICE_SP;41.7;39.0;37.45;33.21;21.01;38.0;47.28;69.99;74.49;68.61;66.04;59.2;45.0;40.4;35.0;28.33;37.45;41.0;57.84;72.76;76.89;67.72;58.42;45.8;
2024-02-08;PRICE_SP;46.73;39.0;33.8;32.45;31.7;32.45;41.5;50.0;57.0;42.13;37.0;35.22;38.0;31.7;33.8;33.08;39.4;41.5;44.23;40.0;40.5;37.94;40.19;28.7;
2024-02-09;PRICE_SP;22.04;11.17;5.0;3.2;3.2;11.14;29.62;48.92;57.84;65.0;66.35;57.84;50.56;46.73;47.99;46.73;44.99;42.0;44.46;59.95;66.35;55.02;43.13;35.0;
2024-02-10;PRICE_SP;26.78;14.0;5.0;3.2;3.2;3.2;3.2;3.2;3.2;3.2;0.43;0.0;0.0;0.0;0.0;0.0;0.0;0.43;3.2;25.01;36.46;37.9;32.68;23.0;
2024-02-11;PRICE_SP;35.0;23.26;22.01;20.5;25.0;24.98;37.9;40.19;41.0;42.1;43.46;40.19;39.9;40.19;39.98;39.99;46.73;61.94;83.13;83.98;76.82;70.01;56.94;40.7;
2024-02-12;PRICE_SP;39.23;38.12;35.0;33.76;33.76;35.1;37.4;39.88;50.5;46.78;40.0;35.6;33.76;35.6;35.0;35.0;30.0;40.0;59.34;88.21;79.15;71.54;65.87;61.9;
2024-02-13;PRICE_SP;53.87;41.1;40.0;40.0;40.0;42.61;52.0;65.91;87.92;66.8;65.0;63.87;60.53;60.26;60.52;60.52;66.5;68.61;87.92;91.81;82.14;73.17;69.18;65.0;
2024-02-14;PRICE_SP;60.63;59.34;55.76;54.79;55.06;59.21;64.95;74.28;80.56;69.65;59.87;47.0;46.1;41.1;39.88;40.0;43.0;59.93;65.0;85.16;77.1;69.59;61.77;59.93;
2024-02-15;PRICE_SP;50.5;39.88;36.37;36.37;36.6;36.87;47.0;62.53;62.53;59.93;54.79;55.99;52.65;48.01;45.56;46.89;45.39;49.0;59.5;64.44;63.29;60.0;59.5;55.68;
2024-02-16;PRICE_SP;51.76;51.08;49.92;47.06;42.0;46.0;51.57;60.5;66.06;59.0;48.73;47.06;42.1;44.2;42.1;42.1;47.06;52.08;63.22;77.93;73.09;69.66;65.94;61.6;
2024-02-17;PRICE_SP;46.8;46.0;46.0;45.0;45.0;44.23;44.23;45.27;46.34;44.5;40.0;35.0;33.2;33.5;32.4;30.7;33.5;45.27;65.68;82.93;75.03;70.75;68.2;69.11;
2024-02-18;PRICE_SP;59.98;54.81;51.05;49.16;47.72;48.47;46.02;48.97;47.28;43.03;40.0;35.6;34.8;33.5;33.2;30.18;32.2;41.2;51.96;63.91;64.71;59.83;57.33;53.94;
2024-02-19;PRICE_SP;44.0;44.33;44.63;43.91;43.67;41.5;44.0;55.0;59.04;44.0;39.5;31.23;30.6;30.6;30.0;27.79;31.23;43.22;53.52;66.28;72.26;65.22;54.1;53.52;
2024-02-20;PRICE_SP;43.74;41.43;37.88;37.0;38.0;41.0;47.96;61.0;56.28;47.67;32.2;28.6;28.76;28.76;28.6;29.68;30.62;43.06;72.64;75.44;181.0;119.47;63.16;54.76;
2024-02-21;PRICE_SP;52.84;49.5;46.99;44.95;45.68;50.35;50.98;69.6;76.7;48.77;35.0;32.72;33.2;30.0;28.6;28.6;32.0;36.0;47.67;63.47;54.76;47.91;43.76;37.14;
2024-02-22;PRICE_SP;22.73;16.29;14.0;14.0;11.27;11.27;16.17;14.69;16.2;13.75;10.07;8.87;3.5;3.2;3.2;3.2;5.0;9.0;10.07;9.99;11.8;13.0;10.07;5.67;
2024-02-23;PRICE_SP;9.57;4.09;3.2;1.83;2.58;3.2;6.8;11.0;11.22;6.8;3.2;3.2;3.0;0.43;0.01;0.01;0.43;3.2;11.17;15.1;17.15;18.36;13.94;11.69;
2024-02-24;PRICE_SP;7.41;5.0;3.2;4.2;5.0;5.0;6.2;8.18;7.41;3.7;3.2;0.0;0.0;0.0;0.0;0.0;0.0;3.2;8.22;15.83;32.37;25.0;14.0;9.48;
2024-02-25;PRICE_SP;4.3;3.2;3.2;3.2;3.2;3.0;3.2;3.2;3.2;3.2;3.2;3.2;0.43;0.43;0.43;0.0;0.01;2.33;3.3;4.82;7.0;7.2;5.0;3.2;
2024-02-26;PRICE_SP;3.2;3.2;0.1;0.1;0.1;3.0;3.2;11.24;10.5;3.35;3.2;3.2;0.43;0.43;0.01;0.0;0.2;3.2;3.21;10.0;11.75;10.0;4.7;3.3;
2024-02-27;PRICE_SP;2.58;1.0;0.0;0.0;0.0;0.0;3.2;4.38;4.8;3.2;0.43;0.0;0.0;0.0;0.0;0.0;0.43;1.8;4.51;10.0;25.0;14.0;6.56;5.83;
2024-02-28;PRICE_SP;3.2;3.2;3.2;3.2;3.2;3.2;3.2;5.68;5.9;3.2;0.43;0.0;0.0;0.0;0.0;0.0;0.0;3.2;10.54;25.0;66.96;50.0;19.71;11.29;
2024-02-29;PRICE_SP;14.67;10.0;6.48;6.0;5.68;5.83;5.6;10.67;10.0;5.9;3.2;0.1;0.0;0.0;0.0;0.0;0.0;0.01;3.28;5.0;7.97;6.33;5.0;3.4;
2024-03-01;PRICE_SP;2.17;0.5;0.2;0.1;0.01;0.5;3.0;3.25;3.25;3.2;0.0;0.0;0.0;0.0;0.0;0.0;0.0;0.84;3.25;5.68;10.1;6.48;5.0;3.8;
2024-03-02;PRICE_SP;3.2;2.0;0.5;0.01;0.01;0.0;0.1;2.1;2.17;2.05;1.68;0.01;0.0;0.01;0.01;0.01;1.02;2.1;3.2;8.12;31.25;30.6;5.6;4.2;
2024-03-03;PRICE_SP;1.8;0.1;0.0;0.0;0.0;0.0;0.01;0.19;0.0;0.0;0.0;0.0;0.0;0.0;0.0;0.0;0.0;0.0;2.06;7.98;29.6;30.6;14.0;4.6;
2024-03-04;PRICE_SP;6.0;3.2;3.2;3.2;3.19;3.2;3.2;20.0;25.0;15.0;7.6;3.2;3.2;2.91;1.68;1.0;2.33;3.2;5.0;14.0;25.0;17.98;12.5;6.1;
2024-03-05;PRICE_SP;7.36;4.66;4.66;5.0;6.0;8.23;24.1;50.01;61.45;17.63;8.0;4.6;4.0;3.9;3.9;4.0;5.83;17.0;50.51;125.17;129.47;99.12;85.41;72.86;
2024-03-06;PRICE_SP;71.0;50.5;50.51;50.01;41.64;50.01;65.68;106.64;108.7;25.0;14.24;5.96;4.07;3.9;3.87;3.9;5.87;18.75;41.64;119.27;103.75;80.15;54.46;23.67;
2024-03-07;PRICE_SP;14.13;4.89;3.51;3.2;3.2;3.2;4.89;14.0;17.0;5.7;3.9;3.2;2.0;0.43;0.43;0.43;0.76;3.2;5.48;24.67;35.0;30.0;16.0;5.33;
2024-03-08;PRICE_SP;3.2;0.59;0.35;0.05;0.01;0.13;3.2;4.0;4.0;3.2;0.43;0.0;0.0;0.0;0.0;0.0;0.0;2.41;1.59;3.2;5.98;4.0;3.2;0.43;
2024-03-09;PRICE_SP;0.01;0.0;0.0;0.0;0.0;0.0;0.0;0.0;0.01;0.13;0.43;0.1;0.0;0.0;0.0;0.0;0.0;0.0;0.2;3.2;3.5;3.2;3.2;0.2;
2024-03-10;PRICE_SP;0.0;0.0;0.0;0.0;0.0;0.0;0.0;0.0;0.0;0.0;0.0;0.0;0.0;0.0;0.0;0.0;0.0;0.0;0.0;3.19;3.2;3.2;3.2;0.1;
2024-03-11;PRICE_SP;0.1;0.0;0.0;0.0;0.0;0.0;1.68;4.97;3.2;0.01;0.0;0.0;0.0;0.0;0.0;0.0;0.0;0.0;5.51;70.0;87.97;76.64;75.0;26.1;
2024-03-12;PRICE_SP;35.0;27.3;25.0;24.6;25.0;25.0;60.02;89.8;75.0;20.0;0.5;0.43;0.15;0.1;0.1;0.42;3.0;20.1;60.02;98.99;173.82;117.9;70.54;61.99;
2024-03-13;PRICE_SP;55.09;35.0;26.1;24.1;24.74;25.11;57.54;88.03;86.74;22.08;10.0;3.2;3.0;2.3;2.01;2.3;3.2;21.62;76.41;98.78;134.32;89.05;68.26;57.56;
2024-03-14;PRICE_SP;37.48;31.05;26.1;24.6;24.6;31.05;36.83;87.85;70.0;35.0;31.05;12.0;10.2;9.14;3.5;3.2;9.14;21.71;35.0;85.82;78.25;62.8;59.91;37.48;
2024-03-15;PRICE_SP;34.97;27.2;24.1;23.6;20.89;24.1;33.26;51.92;40.33;24.1;15.35;15.05;12.43;10.95;10.55;10.55;15.15;25.0;40.0;88.01;123.58;110.0;74.9;49.59;
2024-03-16;PRICE_SP;45.18;42.31;37.99;35.58;35.0;41.17;48.28;37.45;26.45;14.77;10.5;5.42;3.2;3.2;1.0;0.43;4.25;13.45;30.0;80.5;82.61;73.35;51.06;35.58;
2024-03-17;PRICE_SP;35.0;30.0;25.15;25.15;25.15;25.0;21.45;24.0;11.25;11.34;9.72;0.43;0.43;0.43;0.43;0.43;9.72;14.95;35.0;79.96;77.89;72.33;72.1;65.91;
2024-03-18;PRICE_SP;64.12;50.3;48.85;48.85;46.03;44.28;61.71;94.68;94.45;52.61;42.1;35.0;35.0;35.0;35.0;35.5;43.86;47.7;73.45;125.16;114.24;95.85;77.8;70.51;
2024-03-19;PRICE_SP;69.14;65.06;58.13;56.18;53.0;58.76;76.18;101.64;95.87;58.13;37.28;35.26;35.0;35.0;35.0;35.0;35.54;54.5;76.62;128.96;110.0;92.01;81.75;76.1;
2024-03-20;PRICE_SP;70.0;68.57;60.78;50.53;42.84;58.0;68.0;88.38;85.25;61.76;35.7;35.0;33.26;27.0;27.28;28.69;34.15;35.43;61.02;97.01;100.76;79.25;68.0;50.0;
2024-03-21;PRICE_SP;35.0;34.47;33.97;34.17;34.07;35.0;35.0;55.96;45.02;35.0;30.0;17.27;15.99;14.0;10.83;10.61;15.98;26.1;35.0;70.4;84.0;65.86;48.0;40.0;
2024-03-22;PRICE_SP;25.0;20.1;17.2;16.7;18.9;25.0;35.0;49.19;35.0;20.0;14.5;7.0;3.35;2.44;1.1;3.19;3.35;14.7;35.0;57.3;53.92;35.0;29.16;15.6;
2024-03-23;PRICE_SP;3.2;3.03;0.9;2.71;2.05;2.0;2.1;2.3;0.43;0.0;0.0;0.0;0.0;0.0;0.0;0.0;0.0;0.43;3.19;3.2;9.01;7.18;3.2;3.2;
2024-03-24;PRICE_SP;0.16;0.0;0.0;0.0;0.0;0.0;0.01;0.1;0.0;0.0;0.0;0.0;0.0;0.0;0.0;0.0;0.0;0.43;3.2;16.7;35.0;35.0;35.0;35.0;
2024-03-25;PRICE_SP;35.0;30.0;28.26;30.5;28.35;34.47;35.0;75.75;59.0;35.0;20.0;13.3;12.21;4.0;3.2;2.1;3.12;3.2;3.2;20.02;35.0;29.11;17.2;12.9;
2024-03-26;PRICE_SP;3.2;3.19;1.54;1.0;0.98;0.98;3.2;4.0;3.2;1.2;0.2;0.0;0.0;0.0;0.0;0.0;0.0;0.55;2.0;5.0;14.0;7.5;3.2;1.69;
2024-03-27;PRICE_SP;3.2;0.57;0.01;0.0;0.0;0.0;0.1;0.54;0.43;0.13;0.0;0.0;0.0;0.0;0.0;0.0;0.0;0.0;0.43;3.17;3.2;3.2;3.02;0.12;
2024-03-28;PRICE_SP;0.4;0.0;0.0;0.0;0.0;0.0;0.02;0.34;0.19;0.0;0.0;0.0;0.0;0.0;0.0;0.0;0.0;0.02;0.6;3.2;3.2;3.2;3.2;1.47;
2024-03-29;PRICE_SP;2.0;0.58;0.52;0.5;0.57;1.0;2.0;3.1;1.47;1.0;0.9;0.77;0.53;0.5;0.47;0.4;0.4;0.5;3.2;6.82;17.47;21.42;16.0;15.14;
2024-03-30;PRICE_SP;10.6;6.66;4.91;3.2;3.2;4.0;6.0;5.04;3.2;1.0;0.58;0.43;0.43;0.43;0.43;0.43;0.5;1.47;3.5;9.36;16.7;16.27;6.66;3.38;
2024-03-31;PRICE_SP;3.2;1.63;0.5;0.5;0.5;0.6;0.5;0.6;0.5;0.5;0.4;0.0;0.0;0.0;0.0;0.0;0.0;0.0;0.0;1.69;3.2;3.2;1.63;;
2024-04-01;PRICE_SP;0.7;0.02;0.0;0.0;0.0;0.0;0.13;1.19;0.94;0.13;0.0;0.0;0.0;0.0;-0.01;-0.01;-0.01;0.0;0.0;0.44;11.33;21.43;17.47;12.58;
2024-04-02;PRICE_SP;3.6;3.25;3.25;1.63;2.0;3.25;20.0;35.0;35.0;10.02;1.63;0.44;0.44;0.01;0.0;0.0;0.01;0.94;2.77;8.69;34.9;35.0;29.6;5.0;
2024-04-03;PRICE_SP;3.25;1.68;1.35;1.0;0.09;1.0;3.25;28.07;34.9;5.5;2.0;0.44;0.0;0.0;0.0;0.0;0.0;0.0;0.4;6.76;35.0;35.0;31.62;25.43;
2024-04-04;PRICE_SP;2.6;0.44;3.25;4.99;3.25;3.25;3.25;11.19;13.47;3.74;0.44;0.0;0.0;0.0;0.0;0.0;0.0;0.0;0.0;3.25;10.0;25.0;4.6;3.25;
2024-04-05;PRICE_SP;0.44;0.48;0.01;0.0;0.0;0.0;0.4;3.25;2.97;0.0;0.0;0.0;0.0;0.0;-0.01;-0.01;0.0;0.0;0.0;0.0;0.02;2.0;1.0;0.0;
2024-04-06;PRICE_SP;0.0;0.0;0.0;0.0;0.0;0.0;0.0;0.0;0.0;0.0;-0.01;-0.01;-0.01;-0.01;-0.01;-0.02;-0.01;-0.01;0.0;0.01;3.25;8.0;3.44;3.25;
2024-04-07;PRICE_SP;0.97;0.15;0.0;0.0;0.0;0.0;0.0;0.0;0.0;0.0;0.0;0.0;0.0;-0.01;-0.01;-0.01;-0.01;0.0;0.0;0.4;25.0;35.0;25.0;10.66;
2024-04-08;PRICE_SP;1.33;0.0;0.0;0.0;0.0;0.0;0.0;3.25;3.25;0.0;0.0;0.0;0.0;0.0;0.0;0.0;-0.01;0.0;0.0;0.0;0.44;3.25;1.0;0.0;
2024-04-09;PRICE_SP;0.0;0.0;0.0;0.0;0.0;0.0;0.0;0.0;0.0;0.0;0.0;-0.01;-0.02;-0.02;-0.02;-0.02;-0.02;-0.02;0.0;0.01;5.0;14.72;6.35;5.0;
2024-04-10;PRICE_SP;4.21;3.25;1.0;0.44;0.35;1.0;2.17;35.0;7.68;0.0;-0.01;-0.03;-0.03;-0.03;-0.05;-0.05;-0.05;-0.05;-0.01;0.0;6.0;34.45;5.0;3.25;
2024-04-11;PRICE_SP;3.25;1.0;0.04;0.0;0.0;1.47;3.6;22.42;17.04;0.01;0.0;-0.01;-0.01;-0.01;-0.02;-0.01;-0.01;-0.01;0.0;4.9;60.0;70.95;70.01;34.08;
2024-04-12;PRICE_SP;23.77;15.37;12.5;11.94;12.49;16.93;33.47;78.44;74.04;5.85;0.0;0.0;0.0;-0.06;-0.06;-0.1;-0.03;0.0;0.0;15.77;39.35;74.23;38.05;26.67;
2024-04-13;PRICE_SP;24.15;17.73;17.15;11.13;7.74;6.79;10.39;11.76;13.26;0.01;-0.02;-0.1;-0.1;-0.1;-0.2;-0.4;-0.4;-0.08;0.0;3.25;24.96;35.0;24.26;13.83;
2024-04-14;PRICE_SP;5.79;2.74;1.69;1.51;3.25;6.35;12.86;13.0;5.6;0.0;-0.53;-1.0;-1.0;-1.0;-1.0;-1.01;-1.01;-0.25;-0.02;2.5;18.41;30.77;19.72;17.0;
2024-04-15;PRICE_SP;7.3;3.25;1.77;0.44;0.03;0.07;1.0;10.75;18.7;1.5;0.0;0.0;-0.01;-0.04;-0.1;-0.32;-1.0;-0.09;0.0;0.44;10.0;19.72;6.0;4.2;
2024-04-16;PRICE_SP;0.44;0.0;0.0;0.0;0.0;0.0;0.08;6.0;4.47;0.0;-0.01;-0.01;-0.03;-0.1;-0.1;-0.1;-0.13;-0.1;-0.01;0.0;4.15;10.01;5.0;3.25;
2024-04-17;PRICE_SP;3.25;3.25;1.77;1.24;1.0;1.5;3.25;19.72;5.0;0.44;0.0;-0.01;-0.02;-0.03;-0.05;-0.05;-0.03;-0.01;0.0;0.44;6.0;22.34;6.0;3.25;
2024-04-18;PRICE_SP;3.25;2.9;2.2;2.0;1.77;2.0;3.25;21.03;6.0;1.77;0.0;0.0;0.0;0.0;0.0;-0.01;0.0;0.0;0.0;2.0;12.17;30.77;14.21;3.6;
2024-04-19;PRICE_SP;13.07;12.17;12.59;13.75;9.02;17.59;25.73;35.0;35.0;8.6;3.35;3.25;0.6;0.04;0.02;0.0;0.0;2.5;7.62;21.96;34.96;37.52;35.0;35.0;
2024-04-20;PRICE_SP;24.69;10.0;11.39;10.0;9.57;7.0;7.54;8.43;7.42;2.1;0.44;0.05;0.0;0.0;0.0;-0.04;-0.07;-0.01;0.04;3.25;7.88;10.0;8.58;7.54;
2024-04-21;PRICE_SP;3.25;3.25;3.22;3.25;3.25;3.25;3.6;7.46;3.25;0.44;0.0;-0.01;-0.07;-1.21;-1.49;-1.5;-1.32;-0.25;-0.01;0.44;3.35;8.93;7.46;3.6;
2024-04-22;PRICE_SP;3.0;2.0;1.1;1.01;0.49;1.0;1.1;3.25;1.1;0.0;0.0;-0.01;-0.03;-0.05;-0.1;-0.25;-0.3;-0.1;0.0;0.45;6.0;12.81;7.62;5.54;
2024-04-23;PRICE_SP;6.15;3.6;3.25;3.35;3.6;5.0;6.58;20.0;6.9;0.5;0.0;0.0;0.0;0.0;-0.01;-0.01;-0.01;0.0;0.0;1.0;12.17;35.0;24.89;8.21;
2024-04-24;PRICE_SP;23.21;16.05;12.08;11.28;10.7;11.93;17.33;33.69;24.89;5.0;1.0;0.04;0.0;0.0;0.0;0.0;0.0;0.04;3.25;24.89;35.02;101.48;78.85;35.01;
2024-04-25;PRICE_SP;38.07;35.02;35.01;35.01;35.01;35.01;38.69;100.0;66.85;35.0;26.96;22.3;19.29;15.65;9.99;7.0;6.0;9.35;22.3;32.56;88.61;109.9;91.35;79.74;
2024-04-26;PRICE_SP;79.87;74.0;65.15;74.07;77.1;73.88;91.82;104.06;96.06;81.08;35.33;35.0;33.75;31.2;21.2;20.1;16.98;20.2;24.89;35.0;58.53;96.06;81.49;52.97;
2024-04-27;PRICE_SP;47.88;40.0;35.0;35.0;35.0;35.0;35.0;34.21;30.0;15.4;7.3;3.25;0.03;0.0;0.0;0.0;0.0;0.0;0.44;14.98;45.51;65.27;62.78;58.52;
2024-04-28;PRICE_SP;56.39;38.96;39.6;35.01;35.01;35.5;35.76;36.73;35.0;14.98;0.44;0.0;0.0;0.0;0.0;0.0;-0.01;0.0;20.66;35.01;58.88;78.56;72.21;60.65;
2024-04-29;PRICE_SP;63.15;60.05;58.93;58.87;56.0;58.52;52.25;102.26;96.24;59.79;45.5;36.73;35.1;35.01;35.01;35.01;35.0;35.2;40.74;60.53;87.21;97.92;83.75;69.77;
2024-04-30;PRICE_SP;73.73;57.83;58.99;68.81;64.77;77.13;85.36;99.32;84.41;58.0;41.0;35.01;28.26;15.1;17.5;19.14;17.5;20.4;31.96;48.25;60.1;83.91;70.98;65.0;
2024-05-01;PRICE_SP;35.01;34.99;21.07;19.77;17.83;17.83;18.97;17.83;8.0;3.0;-0.01;-0.07;-0.06;-1.0;-1.26;-1.29;-1.29;-0.13;0.0;0.44;19.0;35.0;33.4;23.71;
2024-05-02;PRICE_SP;14.56;10.94;10.0;7.8;8.0;10.94;22.9;35.01;35.0;10.94;3.25;2.49;1.79;1.83;0.0;0.44;1.06;0.44;5.39;17.6;35.4;59.14;43.9;35.64;
2024-05-03;PRICE_SP;35.01;35.01;35.0;35.0;35.0;34.43;35.0;41.0;35.0;28.9;16.2;4.99;6.1;5.0;3.25;2.51;0.44;3.25;9.08;27.94;40.0;66.52;50.02;42.0;
2024-05-04;PRICE_SP;35.0;33.11;27.94;18.9;16.2;18.9;22.23;26.22;16.2;2.1;0.01;0.0;0.0;0.0;0.0;0.0;0.0;0.0;0.0;3.25;30.0;35.01;35.02;35.01;
2024-05-05;PRICE_SP;30.0;26.87;24.13;22.62;22.86;24.81;26.87;25.63;16.72;3.25;1.88;0.44;0.0;-0.04;-0.58;-0.1;0.0;0.0;3.25;6.1;29.9;54.33;51.61;50.15;
2024-05-06;PRICE_SP;63.58;55.99;51.91;53.96;51.08;53.96;57.1;84.03;86.89;61.54;45.13;35.0;18.9;10.0;6.1;4.99;4.23;5.0;9.9;37.62;75.1;97.69;93.2;84.42;
2024-05-07;PRICE_SP;81.73;77.64;74.77;68.24;66.82;69.09;75.98;99.87;75.62;35.0;10.0;3.6;0.0;0.0;0.0;0.0;0.0;0.0;0.0;35.0;56.18;67.44;62.0;50.01;
2024-05-08;PRICE_SP;30.0;20.18;19.47;17.27;19.47;18.67;21.07;35.01;30.0;18.67;10.0;6.55;3.25;3.25;3.25;3.25;3.25;3.6;10.0;24.5;39.52;63.38;54.36;51.91;
2024-05-09;PRICE_SP;35.01;35.01;35.0;35.0;35.01;35.01;47.33;68.78;40.15;29.9;10.99;3.25;0.44;0.44;0.44;0.44;1.74;5.89;14.99;35.0;72.94;104.62;91.83;65.72;
2024-05-10;PRICE_SP;45.0;40.74;39.95;38.0;38.55;40.86;57.0;75.72;40.89;22.98;12.1;3.25;0.98;0.44;0.44;0.88;3.25;6.31;9.76;14.99;39.52;75.72;47.25;40.17;
2024-05-11;PRICE_SP;38.86;35.01;35.0;35.01;35.01;35.01;35.01;35.01;28.07;6.4;0.0;0.0;0.0;0.0;-0.01;-0.25;-0.41;0.0;3.25;11.1;35.0;44.0;41.63;41.46;
2024-05-12;PRICE_SP;35.01;35.0;35.0;35.0;35.0;35.0;35.0;34.07;2.35;0.0;0.0;-0.75;-0.62;-0.66;-0.66;-1.0;-1.0;0.0;14.3;35.0;39.53;61.5;49.98;39.68;
2024-05-13;PRICE_SP;35.0;35.0;35.0;34.04;34.03;34.0;35.0;49.35;50.0;38.03;11.7;1.52;0.0;0.0;0.0;0.0;0.44;1.7;3.25;14.3;35.0;38.03;39.68;35.01;
2024-05-14;PRICE_SP;11.1;5.0;4.16;2.0;0.01;0.49;3.25;22.0;16.5;7.67;0.0;0.0;0.0;0.0;-0.01;-0.06;-0.01;0.0;0.0;3.25;21.96;35.0;35.0;28.07;
2024-05-15;PRICE_SP;17.84;14.99;12.03;10.96;11.0;16.55;30.64;35.01;30.0;3.25;3.21;0.15;0.0;0.0;0.0;0.0;0.0;0.0;0.01;3.25;22.78;43.12;51.29;35.01;
2024-05-16;PRICE_SP;53.52;39.52;35.5;35.01;35.0;34.47;35.0;35.01;35.01;30.0;12.0;3.25;3.25;2.95;2.15;0.49;0.57;2.6;3.25;30.0;39.52;120.0;106.39;81.94;
2024-05-17;PRICE_SP;90.34;80.32;67.51;60.0;50.6;59.5;67.78;102.66;89.46;49.84;35.01;33.49;35.01;20.39;16.84;11.9;10.61;17.74;29.57;37.93;64.8;84.24;89.4;77.18;
2024-05-18;PRICE_SP;71.37;63.23;45.13;44.98;47.78;48.16;50.85;43.48;31.96;20.6;9.43;0.71;0.0;0.0;0.0;0.0;0.0;4.9;15.25;35.0;45.42;72.87;74.46;66.17;
2024-05-19;PRICE_SP;58.15;53.85;50.91;49.98;48.47;39.9;41.2;49.19;35.0;6.69;0.0;0.0;0.0;0.0;0.0;-0.62;-0.62;0.0;5.0;20.8;35.0;51.86;45.54;48.15;
2024-05-20;PRICE_SP;49.12;44.0;46.62;48.16;48.4;50.5;55.99;58.82;49.98;33.8;13.5;8.33;3.26;1.09;0.78;0.54;3.25;5.0;15.17;33.8;49.12;59.31;57.63;49.0;
2024-05-21;PRICE_SP;72.43;70.5;69.13;69.0;68.01;68.84;67.0;67.92;72.87;41.7;30.0;18.82;20.43;14.7;9.66;8.21;7.44;14.7;19.44;34.79;62.73;68.01;66.77;63.08;
2024-05-22;PRICE_SP;72.0;68.9;65.9;66.32;64.76;67.88;62.9;66.43;58.58;38.65;24.17;22.0;21.76;11.72;10.23;3.25;3.25;8.47;25.1;41.2;57.24;74.63;67.88;71.0;
2024-05-23;PRICE_SP;72.0;71.12;54.0;71.3;71.12;71.74;72.0;80.58;82.67;71.74;49.21;42.63;35.01;35.0;30.39;26.1;26.31;35.01;43.56;71.12;68.43;91.73;92.3;85.65;
2024-05-24;PRICE_SP;85.0;78.34;77.51;72.0;71.0;81.09;83.34;89.72;86.84;74.9;61.22;48.1;48.3;40.8;36.76;35.01;38.5;41.1;68.0;81.56;92.76;117.19;111.1;99.84;
2024-05-25;PRICE_SP;94.88;85.74;74.88;72.0;70.99;70.0;71.3;71.74;30.52;24.44;16.5;9.32;3.24;0.04;0.0;0.0;0.0;0.0;2.0;28.5;70.99;80.54;86.85;84.68;
2024-05-26;PRICE_SP;56.64;53.71;46.65;46.65;50.0;55.92;56.16;35.8;20.33;0.02;0.0;-0.01;-0.01;-0.01;-0.03;-0.6;-0.6;0.0;0.44;16.72;35.23;46.0;55.52;35.6;
2024-05-27;PRICE_SP;32.3;33.0;31.0;30.9;28.0;30.8;35.01;43.01;35.0;33.5;31.53;26.12;30.6;25.0;22.23;14.33;6.0;17.72;25.57;31.66;35.01;54.0;52.82;35.05;
2024-05-28;PRICE_SP;35.0;35.0;35.01;35.01;35.01;35.01;41.22;51.79;40.74;35.0;28.2;0.07;0.08;0.0;0.0;0.0;0.01;5.0;8.0;29.6;41.1;70.96;55.94;41.46;
2024-05-29;PRICE_SP;54.77;40.94;40.58;40.34;40.7;40.94;59.36;65.0;52.19;38.5;29.0;20.5;24.08;18.4;17.47;11.98;11.0;19.76;29.38;35.01;40.94;67.94;69.87;63.95;
2024-05-30;PRICE_SP;50.94;45.32;43.12;40.53;38.64;42.79;45.44;45.44;38.64;27.42;10.27;3.82;3.25;0.44;0.0;0.0;0.0;0.0;1.0;7.0;37.5;35.01;37.92;30.33;
2024-05-31;PRICE_SP;10.0;5.5;4.77;3.25;3.25;4.37;6.67;5.0;2.47;0.0;0.0;0.0;0.0;0.0;-0.01;-0.01;-0.01;-0.01;0.0;0.0;3.25;7.3;5.5;3.25;
2024-06-01;PRICE_SP;4.99;3.25;3.25;1.23;0.09;3.25;3.25;3.25;0.0;0.0;-0.01;-0.36;-0.5;-0.36;-0.6;-0.62;-0.66;-0.6;-0.01;0.0;3.25;7.2;8.44;4.5;
2024-06-02;PRICE_SP;7.2;5.0;4.35;3.6;3.6;5.0;4.43;3.25;0.0;-0.03;-1.05;-1.86;-1.86;-1.86;-1.86;-1.86;-1.86;-1.0;-0.01;0.44;11.35;25.01;28.87;13.42;
2024-06-03;PRICE_SP;9.16;14.1;14.1;12.5;14.32;10.15;35.01;37.94;41.93;35.0;16.9;5.44;4.46;8.3;3.25;1.31;3.25;11.86;35.0;49.22;75.37;102.15;81.31;63.3;
2024-06-04;PRICE_SP;99.2;92.72;94.88;84.82;94.88;95.4;150.0;175.55;113.22;81.82;70.0;37.3;35.01;35.0;35.0;27.5;30.0;35.01;59.48;67.18;116.24;171.15;157.0;145.0;
2024-06-05;PRICE_SP;117.01;112.42;110.0;110.0;104.68;107.19;110.0;123.08;120.22;110.91;81.56;55.0;50.21;47.25;35.01;35.01;35.01;54.88;79.0;108.41;124.12;170.01;124.07;113.2;
2024-06-06;PRICE_SP;103.72;107.63;110.3;109.53;110.0;110.3;112.88;114.47;101.44;84.16;81.15;69.0;62.0;56.3;56.2;55.9;62.0;80.0;90.0;100.3;115.23;122.37;116.87;110.41;
2024-06-07;PRICE_SP;98.98;98.0;95.0;97.79;97.79;98.0;98.0;99.82;103.49;97.65;78.2;52.4;50.69;45.1;39.5;38.1;38.1;40.0;56.2;82.84;94.2;100.0;99.94;99.4;
2024-06-08;PRICE_SP;95.09;90.0;85.86;85.64;85.64;85.88;99.35;101.44;100.3;94.01;70.2;51.44;42.1;41.6;35.13;35.0;30.49;25.3;35.01;47.7;85.03;101.12;100.76;90.0;
2024-06-09;PRICE_SP;35.13;22.41;12.76;8.46;8.94;22.99;10.0;5.0;3.25;0.0;0.0;0.0;0.0;0.0;0.0;-0.01;-0.01;0.0;3.25;35.0;41.8;58.76;69.64;56.9;
2024-06-10;PRICE_SP;69.41;35.5;38.2;35.01;35.0;35.01;38.5;55.05;35.5;38.3;35.13;35.1;35.01;35.01;35.0;34.8;34.8;35.0;35.0;40.56;71.36;86.75;71.48;70.06;
2024-06-11;PRICE_SP;98.3;95.09;84.83;78.2;78.2;85.41;71.48;90.34;98.13;70.0;44.8;42.3;41.2;40.0;35.02;35.01;35.01;35.13;43.0;66.05;71.12;85.41;77.29;70.13;
2024-06-12;PRICE_SP;83.13;61.4;61.58;60.1;55.2;55.2;60.0;90.34;75.0;42.5;35.02;35.01;35.01;35.01;33.0;12.25;10.43;25.73;40.0;55.1;75.0;101.34;100.98;85.17;
2024-06-13;PRICE_SP;97.86;93.1;90.34;95.26;101.76;105.36;120.0;130.0;90.0;72.94;35.02;35.0;33.9;10.0;0.0;0.0;0.0;5.49;14.74;35.45;82.1;111.81;109.81;95.26;
2024-06-14;PRICE_SP;78.86;76.44;75.72;75.3;75.72;78.02;79.1;90.0;79.34;45.91;35.01;12.21;3.25;0.44;0.02;0.0;0.0;0.0;0.96;7.0;35.02;75.72;76.44;49.36;
2024-06-15;PRICE_SP;38.1;35.02;35.02;35.02;35.02;35.02;35.02;35.01;17.8;0.0;-0.01;-0.6;-0.25;-0.5;-0.6;-0.72;-0.79;-0.62;0.0;9.59;35.01;41.64;47.7;41.76;
2024-06-16;PRICE_SP;35.01;35.0;35.0;35.0;35.0;35.0;35.01;18.5;0.0;-0.62;-1.01;-2.0;-2.0;-2.0;-2.0;-2.0;-2.0;-0.85;-0.01;3.25;16.8;35.02;41.26;41.62;
2024-06-17;PRICE_SP;41.49;35.01;35.0;35.0;32.0;35.0;35.01;46.5;46.5;35.01;22.28;3.25;1.5;0.44;0.0;0.0;0.0;0.44;3.25;21.72;46.38;72.75;91.27;62.78;
2024-06-18;PRICE_SP;51.76;37.0;51.01;52.59;53.99;66.75;96.13;101.0;96.13;53.39;39.0;35.0;28.37;20.97;11.21;10.6;9.99;20.27;35.0;45.28;80.23;124.12;130.9;110.41;
2024-06-19;PRICE_SP;105.16;99.96;94.76;90.56;90.56;94.76;100.0;114.32;100.0;84.69;74.71;46.41;43.54;37.0;36.4;35.02;35.01;35.02;38.47;79.83;87.41;109.81;109.0;89.59;
2024-06-20;PRICE_SP;109.26;105.0;103.0;102.1;96.9;94.3;99.0;111.72;103.0;95.0;71.87;63.04;59.94;58.35;61.42;61.93;61.42;62.15;77.46;107.0;115.28;122.78;120.0;112.48;
2024-06-21;PRICE_SP;102.72;100.34;102.3;102.3;102.3;102.72;100.0;113.47;114.32;105.0;80.0;60.0;61.34;57.4;55.1;43.17;40.0;49.8;56.75;77.46;100.01;114.86;115.0;105.74;
2024-06-22;PRICE_SP;84.0;76.58;75.64;76.1;75.74;75.62;75.64;63.45;36.95;34.65;12.54;3.59;0.44;0.03;0.0;0.0;0.0;0.0;0.44;35.0;50.0;76.79;99.1;77.46;
2024-06-23;PRICE_SP;77.0;56.99;46.19;35.01;35.0;35.0;35.0;30.65;9.76;0.0;-0.01;-0.11;-0.5;-1.0;-1.99;-2.0;-0.85;-0.66;-0.01;1.0;35.01;77.0;95.62;80.15;
2024-06-24;PRICE_SP;51.8;43.6;40.0;35.4;35.02;49.07;55.03;70.0;40.0;35.02;35.0;5.0;3.6;5.1;2.9;0.0;0.0;5.0;34.8;35.45;83.27;117.33;113.7;91.54;
2024-06-25;PRICE_SP;79.51;94.85;91.15;82.0;89.85;73.0;82.0;98.2;74.77;64.9;35.69;35.02;35.01;35.01;35.0;35.0;35.0;35.02;48.99;77.0;105.0;117.41;116.81;105.45;
2024-06-26;PRICE_SP;107.43;99.96;95.32;95.46;91.7;97.12;109.59;130.0;115.45;101.76;90.98;85.99;79.41;77.24;73.65;60.0;61.0;82.01;91.22;104.55;116.05;137.18;118.98;110.0;
2024-06-27;PRICE_SP;102.07;99.0;101.77;104.37;101.77;99.17;112.72;120.74;115.44;102.07;100.47;77.0;65.01;64.75;51.1;45.66;42.45;45.06;63.43;75.39;99.75;116.05;118.35;114.72;
2024-06-28;PRICE_SP;99.0;100.0;98.6;94.04;93.4;95.81;99.9;100.16;103.5;98.6;92.0;76.1;59.99;47.01;45.77;40.0;35.02;35.02;48.64;88.5;94.04;105.42;113.3;105.18;
2024-06-29;PRICE_SP;90.0;71.6;47.5;47.5;47.29;47.01;47.29;50.2;47.29;46.62;45.06;35.02;35.01;35.0;10.0;1.5;12.76;31.86;35.02;46.6;73.37;102.36;106.08;100.94;
2024-06-30;PRICE_SP;102.9;101.7;101.7;101.7;100.92;100.92;99.75;73.37;47.5;44.01;35.01;22.99;10.0;4.49;0.02;0.0;0.94;3.6;27.43;46.62;59.1;101.64;103.22;100.92;
2024-07-01;PRICE_SP;73.37;67.3;60.0;66.54;50.2;51.9;59.26;87.57;71.18;50.03;44.52;35.01;35.01;35.0;21.17;15.02;10.15;21.17;35.02;49.28;71.18;80.79;99.26;87.46;
2024-07-02;PRICE_SP;65.53;49.9;39.69;38.01;37.75;41.07;55.0;81.82;61.66;45.0;35.0;30.9;26.79;24.99;17.95;4.0;4.0;10.96;35.0;37.75;74.64;110.41;109.45;89.99;
2024-07-03;PRICE_SP;94.22;83.79;80.0;72.0;70.8;65.65;85.0;99.77;95.75;76.0;54.08;40.25;35.0;21.34;14.0;8.68;3.6;12.17;34.27;35.02;89.9;107.51;106.49;95.66;
2024-07-04;PRICE_SP;94.94;80.0;72.5;83.54;80.0;86.27;96.04;99.88;83.82;40.0;4.83;0.0;0.0;0.0;0.0;-0.82;-0.82;0.0;6.77;42.38;86.9;99.64;98.5;90.0;
2024-07-05;PRICE_SP;81.66;81.66;81.42;87.75;88.2;90.01;95.33;104.25;91.43;59.5;35.01;29.0;7.44;3.32;3.32;1.23;3.32;17.42;38.0;63.31;82.7;95.0;106.33;90.4;
2024-07-06;PRICE_SP;101.0;96.96;79.74;71.91;77.25;70.66;70.66;65.5;30.87;0.0;0.0;-0.01;-0.51;-0.76;-0.95;-1.0;-1.01;-1.0;-0.82;0.0;9.23;41.1;59.7;46.89;
2024-07-07;PRICE_SP;56.55;48.95;44.16;44.9;44.16;56.55;56.55;56.68;24.87;-0.01;-0.51;-0.78;-0.66;-0.02;-0.78;-1.0;-1.01;0.0;3.32;35.94;59.57;100.73;104.58;100.25;
2024-07-08;PRICE_SP;98.7;86.66;85.94;85.7;83.43;85.94;89.72;103.21;100.61;78.22;54.6;40.88;35.0;32.65;31.98;35.0;35.0;41.99;44.88;81.0;103.21;115.15;109.0;98.01;
2024-07-09;PRICE_SP;95.92;72.25;77.0;73.22;66.71;65.5;80.0;101.51;88.33;70.8;46.63;42.49;33.76;22.98;8.3;15.59;29.39;48.8;60.7;84.77;106.18;120.09;141.94;116.38;
2024-07-10;PRICE_SP;107.94;106.81;104.22;102.61;101.92;104.22;101.5;108.43;101.92;94.99;65.0;57.75;57.21;51.1;50.77;45.06;45.06;52.5;75.0;99.58;105.0;120.18;131.98;111.87;
2024-07-11;PRICE_SP;105.0;101.78;101.74;100.0;99.5;99.92;100.0;107.34;100.96;90.69;81.0;68.49;60.0;54.19;52.0;50.98;55.99;57.61;61.49;84.19;101.78;109.55;111.39;97.15;
2024-07-12;PRICE_SP;85.0;71.32;74.44;62.7;56.5;60.3;70.0;75.6;73.72;49.0;41.75;41.36;41.49;41.49;41.1;36.03;24.45;38.36;41.49;52.2;75.58;89.93;87.0;79.97;
2024-07-13;PRICE_SP;90.22;86.11;75.9;75.59;79.0;83.61;86.22;86.46;50.01;43.99;10.0;3.32;0.44;0.44;0.0;0.0;0.0;0.9;30.51;49.38;75.45;97.81;107.48;100.16;
2024-07-14;PRICE_SP;107.51;99.22;97.94;96.71;96.71;95.41;96.8;86.32;46.0;0.44;-0.01;-0.62;-0.8;-0.62;-0.62;-0.95;-0.95;0.0;9.79;44.81;74.57;99.31;109.91;97.89;
2024-07-15;PRICE_SP;89.61;75.0;60.31;60.31;59.79;59.92;66.56;89.87;82.15;62.01;39.49;15.84;6.06;3.74;3.9;7.48;5.99;14.0;40.0;60.0;80.0;108.78;109.37;94.7;
2024-07-16;PRICE_SP;105.48;97.15;97.15;97.0;97.15;100.1;98.7;108.0;98.45;86.75;73.28;61.59;61.38;61.38;60.31;59.92;59.79;60.18;67.77;94.5;109.11;125.02;115.0;98.7;
2024-07-17;PRICE_SP;101.78;96.02;92.23;94.95;96.25;96.25;107.0;113.22;105.7;97.55;93.65;75.0;71.38;70.18;70.0;69.79;69.66;70.18;87.69;104.63;115.75;125.26;127.0;115.01;
2024-07-18;PRICE_SP;108.13;100.5;96.37;96.08;96.18;97.48;107.31;111.94;107.21;93.58;94.0;90.98;86.38;84.61;83.0;79.21;80.0;90.0;102.85;121.22;130.05;138.23;124.24;113.22;
2024-07-19;PRICE_SP;108.49;106.37;103.99;103.98;103.98;105.87;109.8;116.22;108.85;101.0;95.46;83.8;80.35;78.59;77.92;75.0;68.72;78.05;85.06;98.1;111.9;121.22;114.94;109.11;
2024-07-20;PRICE_SP;101.7;98.65;101.01;98.65;96.86;96.05;94.75;92.9;67.74;50.0;9.96;1.57;0.44;0.0;-0.01;0.0;0.0;0.0;1.9;6.15;60.05;87.93;88.31;80.68;
2024-07-21;PRICE_SP;67.98;49.77;42.26;43.41;35.35;30.8;32.0;34.57;25.07;0.49;0.0;0.0;-0.01;-0.1;-0.25;-0.01;0.0;0.0;0.1;25.06;59.0;95.0;95.44;93.98;
2024-07-22;PRICE_SP;94.5;90.9;80.0;77.98;76.31;82.0;92.21;96.11;94.81;63.37;56.18;54.99;55.66;56.05;56.18;55.92;55.79;56.31;63.37;91.32;106.55;133.58;114.43;104.21;
2024-07-23;PRICE_SP;101.98;99.74;96.02;96.02;98.62;102.0;103.92;106.05;102.5;90.82;70.7;66.18;70.0;72.2;74.14;70.7;70.7;80.0;84.32;100.0;106.57;122.23;110.0;106.04;
2024-07-24;PRICE_SP;104.38;100.0;98.0;99.07;100.0;102.43;107.9;110.62;105.3;92.57;84.77;76.0;80.0;82.0;80.0;75.8;75.31;75.99;76.01;99.07;108.98;124.11;111.7;107.11;
2024-07-25;PRICE_SP;105.35;100.0;99.6;100.84;101.59;103.82;105.64;110.61;101.96;75.04;70.79;70.02;70.92;71.05;70.79;63.37;59.1;59.33;70.92;86.93;106.44;116.52;113.97;107.74;
2024-07-26;PRICE_SP;105.44;104.71;104.31;104.71;104.98;105.22;106.2;110.1;106.01;102.88;84.0;75.99;75.29;75.01;72.8;71.97;71.2;72.8;76.0;95.0;107.26;122.23;113.97;109.44;
2024-07-27;PRICE_SP;106.51;108.47;104.48;106.09;106.09;106.09;108.21;107.71;102.2;72.96;58.99;58.5;36.0;17.8;17.92;18.8;15.0;31.51;55.24;67.84;103.18;117.92;115.19;104.61;
2024-07-28;PRICE_SP;108.33;105.25;98.88;101.87;101.87;102.87;104.07;103.87;70.0;50.0;0.44;0.0;0.0;0.0;0.0;0.0;0.0;0.15;41.26;66.84;105.47;115.98;125.5;117.2;
2024-07-29;PRICE_SP;113.64;110.98;106.91;106.41;106.91;106.91;109.15;112.03;112.46;111.93;111.41;106.91;104.31;100.0;99.09;93.0;93.56;102.76;106.41;107.67;112.22;135.01;129.0;111.98;
2024-07-30;PRICE_SP;110.2;108.83;107.83;108.33;108.48;108.95;109.13;111.43;110.06;106.23;88.5;75.97;75.58;75.0;74.98;68.43;64.0;73.99;83.74;108.31;113.03;142.48;142.48;117.0;
2024-07-31;PRICE_SP;115.82;112.14;111.14;112.14;112.44;113.03;115.34;118.48;115.34;111.14;105.0;86.1;82.1;81.97;81.71;80.01;79.59;79.8;94.37;111.14;117.53;142.48;132.4;116.98;
2024-08-01;PRICE_SP;117.02;113.14;112.38;112.64;112.58;112.88;116.84;120.72;116.84;112.82;111.92;98.0;92.98;92.79;88.99;83.0;81.8;81.8;94.37;109.2;117.6;132.66;125.5;117.14;
2024-08-02;PRICE_SP;113.84;114.24;111.64;112.64;111.64;111.64;112.64;114.0;109.92;104.42;75.59;65.16;69.83;60.0;58.1;52.43;49.95;58.77;65.0;88.0;114.0;128.53;126.63;115.36;
2024-08-03;PRICE_SP;119.34;116.1;113.85;113.85;112.37;112.67;114.3;115.65;103.02;68.3;32.44;20.36;14.66;6.41;5.0;10.07;10.2;20.0;58.75;80.0;121.49;136.53;131.49;126.63;
2024-08-04;PRICE_SP;115.34;112.82;106.0;111.47;111.92;113.27;113.72;113.53;97.89;68.1;15.0;2.05;0.44;4.55;10.0;2.0;1.45;22.05;63.37;82.97;123.44;142.76;144.24;133.06;
2024-08-05;PRICE_SP;119.96;116.42;114.17;115.97;115.97;118.04;121.28;126.1;123.0;117.23;114.17;88.62;83.01;82.59;82.1;81.58;81.45;81.97;86.69;118.85;129.38;150.89;140.0;126.34;
2024-08-06;PRICE_SP;114.76;109.86;100.0;110.56;110.09;113.32;119.69;130.0;120.3;110.56;102.73;90.0;83.78;83.4;83.18;82.44;82.31;83.18;90.4;113.32;123.21;132.34;126.1;117.86;
2024-08-07;PRICE_SP;107.22;107.22;107.21;107.21;95.0;102.44;105.0;115.1;102.44;87.97;78.7;79.6;81.1;82.0;82.49;79.6;79.6;82.0;84.23;89.0;116.2;128.9;122.42;115.58;
2024-08-08;PRICE_SP;107.75;103.79;98.38;101.81;101.81;101.93;107.75;115.1;107.82;109.1;89.0;83.1;83.0;83.0;83.0;82.0;82.0;87.19;96.5;110.5;115.5;140.01;126.48;111.95;
2024-08-09;PRICE_SP;118.06;116.92;111.7;117.1;112.32;110.46;116.92;118.85;116.92;111.2;85.0;81.81;81.68;81.68;81.55;80.0;80.0;81.18;82.07;97.7;113.3;127.71;120.33;111.2;
2024-08-10;PRICE_SP;109.56;105.0;99.0;117.75;115.01;115.43;116.93;117.89;113.3;68.99;12.55;0.44;0.44;1.9;2.4;0.45;0.45;3.32;50.0;81.67;115.43;127.57;124.29;112.82;
2024-08-11;PRICE_SP;119.2;116.7;105.0;109.74;108.11;110.0;113.2;110.0;94.5;50.0;0.0;0.0;0.0;0.0;0.0;0.0;0.0;4.12;36.42;80.54;116.34;128.58;136.29;122.6;
2024-08-12;PRICE_SP;114.7;107.0;104.0;110.0;110.1;119.26;120.34;128.22;120.82;116.45;97.5;83.18;81.99;82.0;81.8;81.28;80.1;82.1;90.57;117.15;124.95;136.13;128.72;121.06;
2024-08-13;PRICE_SP;116.1;115.0;110.0;115.92;113.2;110.0;116.1;125.5;117.89;104.88;106.51;96.0;90.0;88.0;85.0;81.39;80.05;84.5;96.02;101.51;118.71;130.48;129.2;120.96;
2024-08-14;PRICE_SP;115.02;108.64;104.63;105.25;93.63;94.37;99.45;113.3;109.87;90.0;75.0;64.88;64.55;64.99;64.88;63.37;60.0;63.91;69.99;85.53;109.02;114.26;108.54;94.18;
2024-08-15;PRICE_SP;74.23;61.77;61.77;61.28;61.28;61.28;61.41;61.67;49.65;3.6;0.0;0.0;0.0;0.0;0.0;0.0;0.0;1.53;15.98;62.0;97.64;117.13;112.45;98.3;
2024-08-16;PRICE_SP;106.09;104.44;90.0;88.33;103.27;104.71;105.61;114.02;100.57;70.0;63.87;63.37;59.22;53.93;50.72;56.27;62.17;63.37;65.4;103.52;118.92;129.78;123.72;116.16;
2024-08-17;PRICE_SP;114.02;112.94;113.37;110.68;105.5;101.5;100.64;101.1;90.0;71.74;68.01;52.66;43.31;37.37;34.72;37.57;47.81;56.1;68.54;87.41;103.92;120.0;113.2;105.02;
2024-08-18;PRICE_SP;119.5;111.62;103.9;93.38;85.0;84.5;79.44;76.23;63.1;40.71;0.44;0.0;0.0;0.0;0.0;0.0;0.0;0.0;3.32;61.99;89.5;110.34;111.64;99.69;
2024-08-19;PRICE_SP;91.7;76.6;74.8;75.92;75.65;79.97;85.1;116.02;116.92;112.58;82.35;74.28;70.0;69.0;69.0;67.1;70.0;79.44;103.0;116.26;129.72;157.48;131.3;125.0;
2024-08-20;PRICE_SP;119.81;113.2;119.88;117.78;117.08;115.0;120.78;125.08;120.78;96.76;71.5;63.37;65.16;68.14;65.16;63.1;60.0;61.99;63.37;95.0;110.0;121.5;113.86;106.64;
2024-08-21;PRICE_SP;105.29;82.8;80.18;65.16;60.0;65.16;82.28;104.76;89.16;57.27;8.0;5.22;7.48;40.0;53.1;60.5;65.33;80.39;98.27;111.8;129.2;165.01;150.34;130.7;
2024-08-22;PRICE_SP;120.3;115.71;118.85;118.89;118.85;118.85;121.02;126.71;121.02;117.49;103.77;82.41;81.25;82.28;80.99;78.39;78.18;80.99;86.31;117.49;131.99;164.5;137.79;121.5;
2024-08-23;PRICE_SP;115.85;113.49;109.21;116.69;116.69;115.85;117.27;124.9;119.39;116.69;104.92;82.36;81.87;82.36;81.74;77.0;77.95;82.15;104.76;116.57;124.9;141.2;125.99;120.29;
2024-08-24;PRICE_SP;115.23;113.92;104.92;109.02;98.75;98.0;103.42;105.91;82.9;15.0;0.01;0.0;0.0;0.0;0.0;0.0;0.0;3.32;16.77;71.41;103.42;116.62;98.75;90.41;
2024-08-25;PRICE_SP;70.0;56.44;50.0;42.02;8.0;6.99;14.0;14.0;3.32;0.0;-0.72;-0.95;-0.66;-0.01;0.0;0.0;0.0;0.44;14.2;71.41;94.02;109.91;102.88;93.53;
2024-08-26;PRICE_SP;97.14;85.23;75.0;74.87;74.87;75.5;105.0;122.2;120.01;83.06;64.99;63.37;64.99;73.94;74.87;74.07;73.81;85.34;110.78;120.0;127.04;160.0;130.0;124.54;
2024-08-27;PRICE_SP;129.21;122.73;119.0;119.0;112.39;109.99;114.76;124.1;119.58;110.78;94.2;81.2;77.5;77.5;75.93;75.0;75.31;87.95;114.0;123.85;125.14;153.2;123.78;119.0;
2024-08-28;PRICE_SP;122.92;119.33;117.8;118.63;118.63;118.63;117.0;124.28;120.76;118.85;105.91;83.7;80.2;79.94;77.16;75.0;82.0;94.38;108.26;123.16;125.78;138.58;119.93;111.53;
2024-08-29;PRICE_SP;124.36;119.0;117.13;118.53;118.85;119.82;124.5;128.45;128.85;120.0;112.84;114.6;107.42;111.11;117.13;114.0;114.0;108.96;117.89;128.18;131.99;138.0;128.45;124.73;
2024-08-30;PRICE_SP;122.0;120.16;111.17;120.16;119.46;116.2;123.16;129.0;126.0;125.5;116.66;99.54;92.29;92.29;91.94;91.81;92.07;105.97;120.0;125.5;131.99;140.01;131.99;128.78;
2024-08-31;PRICE_SP;128.5;124.9;121.26;119.51;120.0;124.36;126.26;126.26;128.5;124.64;115.91;89.63;85.45;88.2;87.94;85.23;88.07;100.0;118.85;127.42;133.0;154.15;145.68;135.01;
2024-09-01;PRICE_SP;134.02;129.16;125.92;124.3;122.68;121.39;124.09;124.9;113.08;100.66;78.5;51.99;43.0;43.0;46.53;30.1;28.98;81.37;99.64;123.6;134.02;141.74;139.7;129.1;
2024-09-02;PRICE_SP;132.16;128.0;125.14;120.0;118.5;122.5;127.14;131.95;131.52;122.98;109.9;90.98;89.87;90.29;90.08;91.9;95.97;104.9;122.09;130.0;138.0;134.53;128.72;122.74;
2024-09-03;PRICE_SP;124.9;122.29;114.51;108.0;105.0;106.21;115.74;125.0;133.95;115.98;98.88;90.02;85.0;83.08;84.68;87.2;86.08;90.49;101.92;120.94;131.0;130.01;126.57;115.19;
2024-09-04;PRICE_SP;108.38;99.35;94.5;101.31;101.0;98.0;109.28;122.3;127.42;117.99;89.5;79.96;75.5;76.0;70.5;60.89;51.99;53.1;76.99;103.0;122.81;124.44;117.14;108.55;
2024-09-05;PRICE_SP;105.0;105.7;99.35;99.41;96.0;100.0;118.06;124.9;125.0;113.42;92.5;84.81;84.81;84.81;84.68;81.18;84.55;87.87;105.7;118.22;129.7;134.0;124.9;118.22;
2024-09-06;PRICE_SP;111.98;109.0;103.35;98.0;97.55;98.0;110.0;116.0;115.0;102.25;85.23;74.99;63.37;46.22;31.2;26.85;19.56;43.6;70.2;104.41;114.81;118.2;112.46;109.14;
2024-09-07;PRICE_SP;117.32;116.42;103.35;103.35;101.12;99.34;104.0;108.83;104.68;77.95;51.52;3.32;3.32;1.02;0.44;3.32;14.0;50.24;83.32;116.51;136.07;148.56;124.44;123.86;
2024-09-08;PRICE_SP;120.86;117.14;114.32;110.0;107.8;106.87;110.11;113.3;108.04;78.87;8.29;0.44;0.04;0.0;0.0;0.0;0.0;0.0;3.32;76.16;106.87;117.22;116.42;110.11;
2024-09-09;PRICE_SP;115.7;110.3;108.75;108.66;100.2;108.36;116.42;120.0;120.0;115.1;72.2;50.24;45.31;40.5;20.0;6.12;9.54;40.5;71.94;116.5;121.56;132.0;118.3;108.66;
2024-09-10;PRICE_SP;110.32;103.83;105.0;103.92;99.42;100.01;109.47;112.64;114.59;100.0;62.0;30.1;14.74;19.56;6.31;3.04;4.59;28.41;53.1;99.42;109.0;111.74;105.5;98.42;
2024-09-11;PRICE_SP;80.89;77.75;71.0;79.77;84.84;89.84;97.63;102.98;103.7;94.44;70.1;51.99;50.24;47.7;45.0;23.75;15.0;50.24;76.16;99.95;113.0;110.04;102.98;102.74;
2024-09-12;PRICE_SP;100.64;99.83;99.5;95.0;95.42;98.42;100.64;113.55;116.37;101.46;73.6;52.1;44.3;14.0;3.6;3.32;3.32;3.6;51.55;80.0;101.46;100.5;93.53;87.35;
2024-09-13;PRICE_SP;78.89;75.05;74.76;74.76;67.52;62.2;76.5;89.74;85.23;61.0;3.32;0.0;0.0;0.0;0.0;0.0;0.0;0.0;2.0;62.07;89.98;85.29;80.01;62.2;
2024-09-14;PRICE_SP;55.2;54.0;49.86;45.98;49.08;48.88;55.07;65.0;68.86;56.18;10.0;0.44;0.44;0.79;0.44;0.44;0.44;11.25;55.2;89.55;101.72;106.85;87.99;80.98;
2024-09-15;PRICE_SP;61.7;60.5;55.3;54.05;54.05;54.16;54.05;54.05;32.48;6.0;0.0;-0.01;-0.25;-0.01;-0.36;-0.36;-0.36;-0.01;0.44;49.85;65.08;64.39;60.74;54.91;
2024-09-16;PRICE_SP;30.0;13.03;15.0;11.85;6.0;10.15;41.1;60.0;60.0;45.1;3.32;0.0;0.0;0.0;0.0;0.0;0.0;0.06;29.68;60.98;88.4;81.82;55.92;40.06;
2024-09-17;PRICE_SP;26.3;12.18;6.99;9.24;5.15;5.0;33.88;49.71;53.34;33.99;0.44;0.0;0.0;0.0;0.0;0.0;0.0;3.0;32.26;50.76;93.52;85.23;60.74;55.0;
2024-09-18;PRICE_SP;70.59;81.0;81.22;81.22;82.44;88.01;99.22;113.22;123.0;108.65;85.74;65.82;60.0;60.0;57.61;56.47;61.0;85.5;88.0;120.01;143.02;148.26;112.24;109.85;
2024-09-19;PRICE_SP;100.67;97.89;98.02;98.42;100.67;93.0;106.42;118.23;120.85;114.7;97.94;97.89;97.33;95.5;95.0;88.0;95.4;95.5;102.0;119.44;146.5;155.01;120.69;112.46;
2024-09-20;PRICE_SP;115.31;108.9;104.61;104.61;106.62;107.9;111.6;124.9;124.9;114.92;115.98;106.62;87.0;81.34;77.84;72.85;77.1;85.5;106.62;113.0;145.73;146.97;125.0;118.72;
2024-09-21;PRICE_SP;104.64;100.28;98.02;102.55;100.07;100.28;94.9;95.9;100.07;100.87;95.01;74.29;64.7;50.24;30.0;3.32;20.22;49.77;75.0;108.67;117.31;133.02;115.14;115.0;
2024-09-22;PRICE_SP;99.98;95.58;95.55;95.84;93.9;97.9;102.55;102.98;96.31;90.63;50.24;11.87;11.68;0.1;0.01;2.0;2.0;28.45;70.0;102.69;110.22;114.53;102.74;99.98;
2024-09-23;PRICE_SP;102.55;95.58;90.0;93.17;93.88;95.58;96.4;115.26;120.01;101.7;85.0;66.54;51.1;50.24;39.9;20.5;40.65;60.81;95.58;116.05;155.01;157.66;112.55;105.08;
2024-09-24;PRICE_SP;95.52;95.0;94.5;93.84;93.84;93.84;107.74;120.1;127.67;117.9;94.08;79.49;64.96;59.77;57.31;59.55;60.2;82.44;83.65;124.76;140.0;138.44;112.55;102.34;
2024-09-25;PRICE_SP;92.4;75.49;73.08;72.72;60.8;60.7;60.7;84.24;88.09;70.76;61.5;52.1;40.0;34.27;36.23;15.0;14.0;34.23;41.91;60.8;74.0;73.08;57.3;40.0;
2024-09-26;PRICE_SP;20.3;6.99;10.29;4.92;3.32;7.33;33.83;58.27;65.0;53.52;3.6;0.46;0.0;0.0;0.0;0.0;0.0;2.4;11.99;55.23;65.5;72.5;54.9;49.9;
2024-09-27;PRICE_SP;7.0;3.32;3.32;3.32;3.32;3.32;5.14;45.0;52.1;10.08;0.44;0.0;-0.01;-0.15;-0.04;-0.01;0.0;0.44;34.21;69.85;98.07;109.83;87.0;79.0;
2024-09-28;PRICE_SP;86.04;75.1;54.0;49.0;45.0;43.77;45.0;54.18;50.0;24.17;3.6;0.0;0.0;0.0;0.0;0.0;0.0;0.44;50.24;111.23;114.29;120.11;106.0;91.25;
2024-09-29;PRICE_SP;84.99;79.49;74.9;58.36;49.2;49.2;55.0;60.66;57.94;19.9;0.0;-0.12;-0.39;-0.5;-0.45;-0.79;-0.79;-0.01;8.6;72.34;95.0;101.89;95.98;84.99;
2024-09-30;PRICE_SP;80.35;83.0;94.4;88.0;85.0;95.98;106.0;141.94;160.1;106.0;69.14;47.77;29.21;25.2;10.0;2.4;18.2;49.54;95.74;119.72;176.21;174.5;124.44;125.45;
2024-10-01;PRICE_SP;104.0;97.68;97.68;94.86;84.01;80.35;88.13;117.04;123.81;100.0;99.54;79.49;58.48;55.41;56.28;57.98;55.9;76.14;103.57;143.44;173.81;165.98;125.45;110.6;
2024-10-02;PRICE_SP;98.02;99.0;98.02;88.66;86.43;81.59;101.6;119.48;124.24;109.25;90.22;88.66;87.26;78.38;65.0;65.0;71.5;79.44;101.84;116.86;117.25;100.0;93.55;85.0;
2024-10-03;PRICE_SP;59.36;40.0;40.0;17.8;8.0;32.57;57.17;77.63;86.74;74.61;50.1;45.0;40.0;31.67;24.47;15.1;14.0;47.88;74.61;109.52;125.0;126.98;99.99;91.88;
2024-10-04;PRICE_SP;99.0;100.2;98.02;94.8;102.68;99.54;103.0;127.79;141.37;116.57;100.11;76.39;60.2;59.3;50.0;49.1;57.88;77.42;100.2;137.24;146.03;146.41;117.17;115.0;
2024-10-05;PRICE_SP;93.1;85.98;85.5;85.5;82.47;79.82;86.2;100.4;109.38;89.02;57.0;39.99;2.0;0.01;0.0;0.0;0.0;0.44;45.0;85.23;95.18;82.47;77.8;67.0;
2024-10-06;PRICE_SP;47.4;30.83;25.0;10.39;5.0;4.69;10.39;10.39;10.39;10.39;3.32;0.01;0.0;-0.01;-0.01;-0.01;0.0;0.44;17.76;59.03;78.05;85.23;63.5;54.9;
2024-10-07;PRICE_SP;65.08;46.34;40.0;30.1;29.97;30.1;52.02;84.5;108.32;91.75;65.98;56.01;44.71;30.1;27.08;26.83;30.25;50.24;68.0;73.61;85.01;67.73;65.8;61.39;
2024-10-08;PRICE_SP;33.1;24.35;19.57;7.0;4.9;21.54;39.58;52.98;77.71;48.38;30.1;3.32;3.32;0.97;0.01;0.0;0.51;5.0;48.38;79.9;90.0;83.19;46.08;33.1;
2024-10-09;PRICE_SP;19.86;3.6;2.0;0.98;0.98;2.0;16.98;40.0;52.8;47.59;35.06;30.3;26.5;20.33;6.0;3.32;3.32;8.75;30.3;40.0;60.8;49.08;46.69;41.13;
2024-10-10;PRICE_SP;40.08;40.0;40.0;40.0;44.0;55.01;69.0;91.48;108.8;92.0;69.0;40.29;39.83;40.08;39.83;40.5;55.26;71.78;100.0;129.22;180.0;173.4;120.0;108.8;
2024-10-11;PRICE_SP;111.03;99.0;92.0;88.71;84.72;81.37;99.95;140.41;155.49;110.01;90.0;79.9;70.1;58.11;61.95;66.95;70.0;71.35;82.44;100.8;109.01;90.69;81.37;80.57;
2024-10-12;PRICE_SP;67.29;57.57;47.96;38.91;38.91;42.63;60.21;61.0;62.97;67.08;69.31;72.5;70.0;69.31;66.83;53.0;53.0;67.08;84.65;92.08;119.93;117.1;105.62;91.61;
2024-10-13;PRICE_SP;69.78;62.91;57.0;58.69;55.0;60.87;55.1;64.97;60.0;46.5;35.06;6.99;4.49;0.08;0.0;0.0;6.8;31.28;62.82;93.08;116.97;121.28;102.78;93.56;
2024-10-14;PRICE_SP;93.98;85.23;85.75;83.83;85.23;93.74;102.0;122.86;155.0;122.86;111.54;92.5;85.7;78.42;74.16;73.07;71.2;97.46;121.04;161.89;178.61;128.9;100.24;94.8;
2024-10-15;PRICE_SP;82.19;79.99;80.0;77.05;69.78;72.0;72.0;91.36;122.28;110.47;92.74;83.05;80.0;79.92;70.16;71.9;82.19;81.0;90.08;105.01;125.89;105.01;90.08;79.26;
2024-10-16;PRICE_SP;54.5;47.51;45.0;40.32;40.0;40.0;52.84;49.9;59.55;54.29;30.0;14.16;4.09;3.32;4.0;14.18;30.84;51.81;75.74;83.91;112.08;105.01;83.3;75.74;
2024-10-17;PRICE_SP;84.8;76.5;70.12;70.0;60.0;54.08;63.38;84.34;83.93;82.27;55.0;7.0;3.32;3.32;1.51;0.44;0.44;3.32;49.97;82.27;82.27;72.59;71.08;68.06;
2024-10-18;PRICE_SP;50.1;45.62;38.06;30.3;30.3;49.03;57.84;75.0;99.5;75.0;54.5;29.88;5.0;3.81;3.6;3.32;6.0;49.97;81.89;109.56;103.25;93.89;81.2;71.08;
2024-10-19;PRICE_SP;65.0;62.14;51.21;40.0;40.0;41.25;54.78;62.4;70.0;64.53;46.42;35.0;30.24;17.67;13.17;5.79;5.05;22.32;44.13;70.0;82.88;91.5;80.18;73.33;
2024-10-20;PRICE_SP;56.0;40.0;30.1;31.25;35.01;43.1;54.85;54.85;55.27;45.0;6.37;0.08;0.0;-0.01;-0.01;0.0;0.03;8.64;64.82;99.87;125.01;125.89;100.23;95.56;
2024-10-21;PRICE_SP;92.0;85.23;70.0;64.0;64.0;70.0;90.71;105.01;125.89;103.9;88.77;81.5;73.29;69.0;67.04;67.88;70.47;90.22;103.41;158.4;181.0;126.39;103.37;95.56;
2024-10-22;PRICE_SP;80.85;70.0;63.79;69.4;60.0;70.0;75.97;102.17;123.02;105.5;93.02;55.4;53.54;50.24;53.54;53.54;52.5;74.99;95.91;124.71;112.02;100.0;95.78;88.35;
2024-10-23;PRICE_SP;75.56;79.25;71.0;64.32;64.29;65.0;84.98;102.1;134.71;110.06;85.0;65.0;64.08;56.58;56.08;59.99;63.4;71.99;103.41;155.8;145.97;121.89;99.87;93.16;
2024-10-24;PRICE_SP;74.9;65.15;62.08;62.08;62.29;66.3;71.76;90.01;120.01;98.15;69.17;60.0;50.24;43.54;30.01;24.55;47.44;60.4;79.36;110.16;101.35;92.98;75.72;67.0;
2024-10-25;PRICE_SP;57.0;55.0;43.5;44.0;49.0;41.0;56.5;70.1;90.3;79.64;70.0;60.0;55.83;54.0;50.0;42.0;40.0;53.9;70.57;102.17;103.06;90.5;79.03;74.0;
2024-10-26;PRICE_SP;67.82;56.29;50.0;42.76;42.9;41.94;50.1;56.5;57.82;65.56;56.08;44.99;25.1;25.1;16.41;5.01;5.01;40.0;57.4;90.98;83.3;66.25;68.22;75.0;
2024-10-27;PRICE_SP;87.71;83.31;82.23;80.68;81.3;80.68;70.0;80.0;86.24;81.3;64.36;54.72;42.5;39.99;40.0;55.19;44.99;63.97;81.25;96.27;128.7;115.51;107.36;90.58;102.99
2024-10-28;PRICE_SP;60.61;50.31;49.0;43.1;43.92;49.2;65.78;86.74;98.94;68.39;60.61;51.99;50.24;51.97;51.97;52.51;84.89;115.57;149.48;133.66;115.73;110.49;98.61;81.25;
2024-10-29;PRICE_SP;70.0;65.14;56.21;49.28;49.04;58.4;70.84;83.09;91.36;72.4;73.61;71.1;71.1;71.0;70.84;71.1;73.61;74.7;85.0;93.34;98.61;90.0;83.22;68.7;
2024-10-30;PRICE_SP;66.0;55.0;52.99;44.6;40.0;52.5;68.68;76.04;90.25;85.0;69.7;69.57;73.05;73.52;69.57;72.65;86.81;102.3;145.0;143.36;143.36;132.33;99.8;91.71;
2024-10-31;PRICE_SP;80.0;76.79;75.0;72.59;70.99;77.0;88.39;117.05;121.58;102.8;93.2;85.04;88.91;85.31;85.51;95.5;113.0;130.0;134.14;135.01;148.72;134.34;115.2;102.0;
2024-11-01;PRICE_SP;86.48;81.71;75.0;70.7;70.68;71.66;73.84;78.0;73.09;70.0;66.71;47.8;49.99;50.24;60.0;70.43;83.76;105.48;125.88;120.01;119.7;110.75;101.09;95.65;
2024-11-02;PRICE_SP;96.28;91.56;88.93;86.0;86.85;85.62;93.14;100.11;101.16;88.93;77.89;71.77;74.63;69.84;72.34;70.63;85.0;105.82;114.64;114.64;112.46;111.54;106.28;100.61;
2024-11-03;PRICE_SP;101.19;91.36;85.51;85.0;76.25;75.12;84.18;87.14;77.89;40.1;30.0;19.99;7.4;24.77;25.1;30.3;65.97;94.73;116.67;114.01;111.04;102.54;100.2;95.24;
2024-11-04;PRICE_SP;92.04;89.96;90.07;83.82;85.36;89.89;104.14;121.54;124.08;118.04;99.88;93.32;91.39;90.1;92.4;109.64;120.94;135.24;160.54;151.52;123.0;118.28;118.28;109.64;
2024-11-05;PRICE_SP;101.47;94.0;90.43;90.89;91.1;101.47;115.17;124.09;133.14;118.23;105.87;95.28;94.92;99.25;109.5;111.33;115.54;123.62;193.0;186.2;154.45;126.63;121.28;112.23;
2024-11-06;PRICE_SP;123.04;119.23;117.98;116.03;110.43;112.53;119.23;125.01;128.89;119.23;100.34;92.33;88.0;90.0;86.0;92.58;105.8;125.0;171.89;167.02;135.18;124.65;117.39;116.16;
2024-11-07;PRICE_SP;106.54;95.72;94.01;99.32;100.2;107.61;109.9;122.76;127.51;120.04;105.6;95.0;90.0;90.0;92.0;106.87;119.16;122.98;151.49;144.66;130.99;124.48;115.31;111.73;
2024-11-08;PRICE_SP;103.48;104.0;98.78;98.78;98.8;103.23;112.09;126.56;130.37;124.1;117.34;110.94;105.59;106.81;112.53;122.8;127.74;129.88;133.58;134.28;134.28;132.28;127.74;123.76;
2024-11-09;PRICE_SP;115.7;115.7;98.96;98.96;98.41;100.17;104.31;109.87;114.1;114.6;109.97;106.4;100.37;96.8;93.23;90.2;114.08;130.04;133.34;134.86;128.32;117.96;114.53;110.1;
2024-11-10;PRICE_SP;104.99;102.28;97.69;92.52;90.0;89.18;95.09;102.45;97.95;82.78;65.2;50.0;48.4;49.01;49.01;50.24;83.2;116.0;127.99;128.02;125.31;115.28;111.1;108.02;
2024-11-11;PRICE_SP;109.0;101.71;99.39;85.38;80.66;80.2;84.1;105.72;109.0;79.9;50.24;45.2;33.49;15.2;7.0;5.0;65.63;106.7;115.89;116.86;109.69;96.73;88.92;78.2;
2024-11-12;PRICE_SP;65.0;49.97;49.78;45.38;31.24;49.84;70.2;102.66;102.67;69.98;4.31;3.32;3.32;3.32;3.32;3.32;49.84;102.67;115.06;120.76;128.86;120.28;119.92;113.87;
2024-11-13;PRICE_SP;100.13;99.47;99.12;95.33;91.82;94.9;104.09;120.0;121.76;120.86;104.09;84.9;82.99;83.2;84.9;95.97;112.35;116.28;121.28;132.18;133.61;119.8;115.88;100.0;
2024-11-14;PRICE_SP;90.2;90.0;89.53;89.99;90.2;95.74;110.99;125.28;134.11;125.8;121.71;120.76;119.8;120.76;122.54;126.04;133.12;136.23;146.26;151.63;140.1;129.81;123.28;112.91;
2024-11-15;PRICE_SP;111.6;107.31;107.43;104.05;104.81;109.55;130.98;141.66;147.22;138.36;131.25;125.6;120.47;119.54;120.0;119.55;128.7;139.68;138.66;134.05;133.85;134.19;126.69;114.08;
2024-11-16;PRICE_SP;104.59;99.0;94.5;92.28;92.37;91.98;93.99;104.52;114.32;116.0;112.2;104.0;101.49;99.54;101.51;109.05;120.64;131.22;134.0;135.74;138.2;139.0;131.79;130.0;
2024-11-17;PRICE_SP;129.34;117.74;108.06;107.74;100.0;103.0;97.31;107.74;105.0;95.98;87.79;89.09;92.68;87.79;92.73;96.11;109.9;135.01;140.3;145.43;150.0;154.43;144.14;139.2;
2024-11-18;PRICE_SP;133.98;126.61;117.33;122.03;125.0;126.46;139.43;143.41;150.8;140.22;130.28;126.31;117.27;117.33;122.9;130.98;139.98;154.69;168.2;158.96;159.38;147.24;139.98;134.22;
2024-11-19;PRICE_SP;139.31;135.01;133.5;132.62;125.33;125.48;136.0;142.36;145.61;139.31;139.33;139.0;130.53;108.5;96.63;100.0;134.02;146.98;147.48;147.48;147.48;146.5;139.83;125.48;
2024-11-20;PRICE_SP;102.01;88.78;86.03;81.5;76.15;83.79;101.73;122.0;129.74;108.36;89.5;64.89;50.24;50.2;29.12;50.2;89.24;126.74;143.18;141.56;135.98;126.91;117.5;103.5;
2024-11-21;PRICE_SP;93.96;84.99;75.0;65.1;64.89;65.18;75.2;95.0;107.99;87.8;69.39;50.0;33.2;33.2;29.8;14.0;64.78;84.99;116.49;125.01;122.11;116.92;107.74;87.22;
2024-11-22;PRICE_SP;87.63;84.53;83.2;80.58;77.13;87.6;100.09;129.57;141.31;136.32;116.71;115.0;107.16;97.02;104.0;121.22;140.01;146.89;151.24;160.87;161.26;151.24;143.9;143.9;
2024-11-23;PRICE_SP;131.63;114.28;104.0;97.0;84.99;84.78;85.95;93.0;99.25;85.62;67.04;40.0;42.5;36.95;30.52;36.94;58.9;84.53;101.0;101.8;92.0;84.99;78.78;40.0;
2024-11-24;PRICE_SP;13.81;8.48;5.53;3.71;3.32;4.68;3.92;3.71;3.32;5.24;3.32;3.32;3.32;3.32;3.32;3.32;3.74;11.17;28.49;41.54;34.61;27.14;20.26;14.46;
2024-11-25;PRICE_SP;10.32;8.41;3.94;3.32;3.32;3.71;15.27;83.0;107.29;100.95;82.9;74.59;76.23;71.98;71.3;93.39;118.71;141.91;145.62;149.15;159.82;150.82;145.26;140.26;
2024-11-26;PRICE_SP;139.1;135.2;132.0;130.38;133.48;137.5;142.6;147.8;156.11;147.8;144.06;141.0;139.1;138.7;138.7;140.5;140.5;148.85;162.07;154.84;153.25;149.73;144.36;140.26;
2024-11-27;PRICE_SP;140.0;135.21;131.77;128.0;125.84;131.77;142.6;151.7;157.0;145.47;122.0;105.57;105.44;105.57;105.57;112.78;142.6;149.07;165.08;161.2;165.01;157.94;147.2;140.5;
2024-11-28;PRICE_SP;141.75;135.01;122.0;121.4;111.5;115.79;135.0;150.0;152.28;140.8;121.0;108.95;103.5;103.19;108.5;119.81;137.1;150.4;158.24;154.12;153.0;148.58;140.6;140.01;
2024-11-29;PRICE_SP;120.9;109.78;105.0;105.0;102.0;105.0;121.06;140.01;144.08;140.01;121.06;109.99;109.06;108.2;108.87;121.06;138.57;144.26;152.77;155.95;155.95;150.0;144.08;139.1;
2024-11-30;PRICE_SP;136.15;128.5;132.83;129.5;127.29;125.34;125.34;132.83;137.07;122.77;100.0;88.67;89.49;92.0;99.17;105.99;120.91;136.67;142.5;142.27;141.74;141.5;140.0;137.67;
2024-12-01;PRICE_SP;122.9;110.5;105.99;105.99;105.78;105.99;110.2;119.78;130.0;121.4;106.66;105.99;105.53;112.0;130.0;134.19;141.14;149.7;153.02;163.7;175.2;145.2;142.3;133.21;
2024-12-02;PRICE_SP;137.77;134.93;131.93;128.93;129.0;133.0;141.5;150.83;157.2;154.73;147.3;139.1;132.26;130.0;126.56;135.0;147.3;154.73;156.48;157.16;157.2;154.73;152.13;147.3;
2024-12-03;PRICE_SP;139.46;135.0;130.46;125.36;123.72;125.67;138.54;149.36;158.84;154.9;146.06;142.0;138.54;130.46;121.18;121.46;140.65;150.0;157.23;160.02;158.46;150.0;142.08;130.81;
2024-12-04;PRICE_SP;124.12;116.66;112.79;108.9;106.98;110.72;132.55;149.23;155.52;150.16;137.94;108.9;108.25;108.51;108.9;121.12;147.53;152.94;174.99;171.45;153.02;152.48;148.03;139.1;
2024-12-05;PRICE_SP;137.61;132.38;130.69;130.18;128.22;128.22;140.01;151.02;155.89;147.37;125.97;112.71;108.93;107.56;108.45;108.99;131.22;148.42;154.55;155.27;156.22;152.98;148.41;145.01;
2024-12-06;PRICE_SP;129.0;117.19;100.8;94.99;92.53;91.21;100.0;110.03;125.07;120.73;111.07;105.67;94.0;100.7;100.83;112.0;129.22;143.2;146.85;143.67;144.24;142.48;137.26;129.35;
2024-12-07;PRICE_SP;73.45;71.85;65.27;46.5;39.04;28.2;28.85;40.31;43.22;42.36;26.0;5.0;3.32;3.32;2.28;2.0;3.6;41.9;56.34;62.97;71.85;45.51;41.9;35.0;
2024-12-08;PRICE_SP;18.64;13.9;8.19;3.6;3.32;3.32;3.32;5.0;5.0;3.32;3.04;0.44;0.44;0.44;0.44;0.44;3.32;41.24;74.97;72.5;71.68;72.4;68.5;55.06;
2024-12-09;PRICE_SP;55.0;37.55;31.82;13.99;5.43;25.95;67.44;111.16;122.98;85.3;40.5;14.0;5.0;3.85;3.85;9.07;74.78;125.34;132.06;130.0;132.95;137.21;132.95;114.35;
2024-12-10;PRICE_SP;122.19;109.02;100.7;100.7;105.0;115.0;116.0;140.0;150.32;142.18;132.77;119.0;117.35;115.21;120.72;131.0;145.01;160.6;181.0;178.28;167.13;162.0;150.2;140.0;
2024-12-11;PRICE_SP;129.0;114.49;114.49;113.05;113.12;114.16;123.45;155.64;165.5;157.5;139.5;125.0;119.31;121.6;130.0;134.76;141.0;158.66;167.62;170.0;179.07;165.2;150.0;136.1;
2024-12-12;PRICE_SP;136.5;120.77;116.0;113.23;112.6;120.92;137.51;162.12;177.38;167.63;153.85;140.01;137.97;139.0;142.91;148.0;163.03;162.42;167.84;172.06;174.25;169.4;150.0;134.75;
2024-12-13;PRICE_SP;132.71;125.0;118.97;114.95;115.64;123.96;138.0;154.9;164.07;163.8;150.35;145.01;141.0;137.76;137.76;143.18;151.66;156.06;172.35;172.35;172.35;146.22;141.45;129.96;
2024-12-14;PRICE_SP;141.17;130.93;130.18;129.47;126.87;126.15;129.47;133.37;137.27;132.07;122.0;110.43;109.73;107.95;104.07;104.58;112.29;134.67;151.32;149.43;150.0;144.8;142.37;131.69;
2024-12-15;PRICE_SP;125.92;110.89;108.0;105.65;100.45;95.7;95.7;95.3;103.33;85.18;74.57;72.69;77.87;75.82;71.89;70.47;85.18;115.9;133.95;133.95;138.84;135.07;131.71;127.84;
2024-12-16;PRICE_SP;110.0;103.51;101.2;100.63;100.14;99.14;110.9;131.15;141.04;135.22;111.6;97.14;95.19;96.43;96.89;101.83;121.5;137.8;163.43;165.23;166.89;152.94;135.5;125.38;
2024-12-17;PRICE_SP;122.13;116.13;106.25;104.99;101.24;104.13;110.5;128.8;145.0;140.78;124.1;107.13;102.91;106.43;109.93;113.61;123.8;135.74;143.33;145.01;146.24;139.03;125.16;122.13;
2024-12-18;PRICE_SP;116.9;104.15;91.89;91.68;91.89;98.96;119.41;129.05;146.54;134.12;119.41;98.0;90.8;90.46;90.0;101.15;120.44;132.55;136.14;135.15;135.01;129.95;122.03;97.0;
2024-12-19;PRICE_SP;75.0;30.1;10.0;6.0;5.0;14.0;58.12;86.09;111.0;109.79;86.3;76.96;74.16;70.4;60.38;61.2;83.17;100.79;112.79;120.68;122.78;122.78;120.68;103.9;
2024-12-20;PRICE_SP;118.04;109.18;89.49;86.2;86.2;89.99;112.18;130.6;141.08;131.98;114.2;99.27;89.37;85.81;90.63;101.19;112.18;135.01;141.08;145.39;145.38;140.01;131.98;125.68;
2024-12-21;PRICE_SP;125.8;112.76;97.0;87.3;87.09;86.88;90.8;108.59;114.98;95.0;80.0;43.0;36.09;35.78;35.07;38.98;85.0;126.2;130.12;133.24;133.48;133.48;130.01;126.78;
2024-12-22;PRICE_SP;100.5;85.0;72.62;64.99;59.88;59.2;59.63;60.28;60.3;50.24;20.0;16.01;18.67;15.38;10.96;5.0;18.6;55.0;77.44;79.97;84.75;84.97;70.3;64.6;
2024-12-23;PRICE_SP;17.27;11.48;10.19;7.33;6.0;7.07;25.95;61.2;72.47;70.93;25.0;5.11;3.32;3.32;3.6;5.0;30.9;87.11;114.72;124.89;118.97;109.28;105.82;90.8;
2024-12-24;PRICE_SP;85.08;82.84;75.18;65.0;57.88;58.3;65.0;84.16;101.0;84.97;50.24;40.0;36.0;35.78;35.0;36.0;65.0;112.21;110.98;105.66;102.56;94.63;99.04;90.0;
2024-12-25;PRICE_SP;91.37;86.44;85.07;80.81;75.99;80.81;83.18;84.94;90.21;99.24;86.7;85.08;86.63;87.3;85.08;86.88;108.27;120.5;135.05;136.6;140.7;141.08;136.6;128.11;
2024-12-26;PRICE_SP;138.08;130.65;128.11;120.48;120.48;122.39;134.11;141.73;149.99;143.28;129.48;114.14;107.71;105.3;109.64;120.75;123.48;141.98;155.52;159.02;161.57;166.8;148.0;141.98;
2024-12-27;PRICE_SP;139.83;132.96;127.83;117.58;115.83;117.0;130.62;144.33;148.2;145.01;130.0;107.94;107.81;107.94;110.3;114.15;129.98;149.78;158.4;159.02;161.5;158.5;147.63;144.36;
2024-12-28;PRICE_SP;142.0;135.33;132.25;125.42;121.35;122.05;130.0;135.0;141.66;137.25;122.83;113.4;108.97;110.01;114.09;114.09;121.27;142.61;152.78;157.0;160.78;157.0;151.54;146.44;
2024-12-29;PRICE_SP;146.28;142.77;140.08;138.3;137.26;137.26;134.11;138.3;141.66;138.3;115.88;109.94;109.4;108.88;109.81;113.87;125.13;145.18;152.78;158.67;162.0;161.94;151.54;148.19;
2024-12-30;PRICE_SP;141.5;135.0;131.0;125.0;124.0;130.53;143.97;150.01;159.83;152.03;141.5;119.04;121.42;116.02;119.5;120.0;133.53;147.75;162.43;166.73;172.72;167.21;155.65;146.13;
2024-12-31;PRICE_SP;145.0;139.03;137.48;134.66;127.37;131.15;137.18;142.98;149.77;145.0;134.66;114.16;112.01;112.01;111.75;111.88;124.37;145.0;155.01;159.44;156.1;150.85;144.4;139.37;
