,datetime,value
0,2024-01-01 01:00:00,111.11
1,2024-01-01 02:00:00,110.77
2,2024-01-01 03:00:00,109.28
3,2024-01-01 04:00:00,110.16
4,2024-01-01 05:00:00,111.47
5,2024-01-01 06:00:00,109.95
6,2024-01-01 07:00:00,106.89
7,2024-01-01 08:00:00,107.31
8,2024-01-01 09:00:00,103.25
9,2024-01-01 10:00:00,76.42
10,2024-01-01 11:00:00,47.6
11,2024-01-01 12:00:00,46.4
12,2024-01-01 13:00:00,44.73
13,2024-01-01 14:00:00,44.17
14,2024-01-01 15:00:00,51.29
15,2024-01-01 16:00:00,68.26
16,2024-01-01 17:00:00,88.6
17,2024-01-01 18:00:00,96.15
18,2024-01-01 19:00:00,103.34
19,2024-01-01 20:00:00,110.1
20,2024-01-01 21:00:00,110.04
21,2024-01-01 22:00:00,94.09
22,2024-01-01 23:00:00,88.48
23,2024-01-02 00:00:00,91.46
24,2024-01-02 01:00:00,76.88
25,2024-01-02 02:00:00,56.3
26,2024-01-02 03:00:00,68.42
27,2024-01-02 04:00:00,63.93
28,2024-01-02 05:00:00,67.19
29,2024-01-02 06:00:00,89.71
30,2024-01-02 07:00:00,93.24
31,2024-01-02 08:00:00,125.91
32,2024-01-02 09:00:00,122.36
33,2024-01-02 10:00:00,166.54
34,2024-01-02 11:00:00,168.85
35,2024-01-02 12:00:00,160.32
36,2024-01-02 13:00:00,157.66
37,2024-01-02 14:00:00,108.08
38,2024-01-02 15:00:00,106.14
39,2024-01-02 16:00:00,109.95
40,2024-01-02 17:00:00,122.86
41,2024-01-02 18:00:00,178.28
42,2024-01-02 19:00:00,183.55
43,2024-01-02 20:00:00,178.35
44,2024-01-02 21:00:00,173.51
45,2024-01-02 22:00:00,115.47
46,2024-01-02 23:00:00,106.55
47,2024-01-03 00:00:00,43.14
48,2024-01-03 01:00:00,39.37
49,2024-01-03 02:00:00,40.27
50,2024-01-03 03:00:00,39.27
51,2024-01-03 04:00:00,39.72
52,2024-01-03 05:00:00,38.3
53,2024-01-03 06:00:00,40.71
54,2024-01-03 07:00:00,88.47
55,2024-01-03 08:00:00,129.54
56,2024-01-03 09:00:00,134.79
57,2024-01-03 10:00:00,180.64
58,2024-01-03 11:00:00,172.19
59,2024-01-03 12:00:00,169.62
60,2024-01-03 13:00:00,169.46
61,2024-01-03 14:00:00,126.23
62,2024-01-03 15:00:00,133.38
63,2024-01-03 16:00:00,135.56
64,2024-01-03 17:00:00,160.46
65,2024-01-03 18:00:00,216.52
66,2024-01-03 19:00:00,229.24
67,2024-01-03 20:00:00,240.35
68,2024-01-03 21:00:00,241.78
69,2024-01-03 22:00:00,168.74
70,2024-01-03 23:00:00,156.73
71,2024-01-04 00:00:00,133.92
72,2024-01-04 01:00:00,132.54
73,2024-01-04 02:00:00,128.7
74,2024-01-04 03:00:00,115.84
75,2024-01-04 04:00:00,112.04
76,2024-01-04 05:00:00,111.53
77,2024-01-04 06:00:00,131.04
78,2024-01-04 07:00:00,133.45
79,2024-01-04 08:00:00,158.58
80,2024-01-04 09:00:00,161.8
81,2024-01-04 10:00:00,208.95
82,2024-01-04 11:00:00,203.28
83,2024-01-04 12:00:00,201.95
84,2024-01-04 13:00:00,197.08
85,2024-01-04 14:00:00,154.09
86,2024-01-04 15:00:00,162.32
87,2024-01-04 16:00:00,164.29
88,2024-01-04 17:00:00,166.31
89,2024-01-04 18:00:00,216.76
90,2024-01-04 19:00:00,219.31
91,2024-01-04 20:00:00,221.77
92,2024-01-04 21:00:00,219.55
93,2024-01-04 22:00:00,165.85
94,2024-01-04 23:00:00,159.12
95,2024-01-05 00:00:00,134.1
96,2024-01-05 01:00:00,130.65
97,2024-01-05 02:00:00,128.01
98,2024-01-05 03:00:00,119.92
99,2024-01-05 04:00:00,108.3
100,2024-01-05 05:00:00,115.86
101,2024-01-05 06:00:00,121.99
102,2024-01-05 07:00:00,128.92
103,2024-01-05 08:00:00,157.07
104,2024-01-05 09:00:00,155.92
105,2024-01-05 10:00:00,191.66
106,2024-01-05 11:00:00,169.92
107,2024-01-05 12:00:00,155.37
108,2024-01-05 13:00:00,152.92
109,2024-01-05 14:00:00,99.82
110,2024-01-05 15:00:00,90.57
111,2024-01-05 16:00:00,107.95
112,2024-01-05 17:00:00,131.72
113,2024-01-05 18:00:00,190.57
114,2024-01-05 19:00:00,194.6
115,2024-01-05 20:00:00,196.88
116,2024-01-05 21:00:00,195.12
117,2024-01-05 22:00:00,142.41
118,2024-01-05 23:00:00,134.82
119,2024-01-06 00:00:00,101.88
120,2024-01-06 01:00:00,94.49
121,2024-01-06 02:00:00,95.25
122,2024-01-06 03:00:00,93.97
123,2024-01-06 04:00:00,71.41
124,2024-01-06 05:00:00,71.42
125,2024-01-06 06:00:00,78.68
126,2024-01-06 07:00:00,94.46
127,2024-01-06 08:00:00,92.9
128,2024-01-06 09:00:00,93.4
129,2024-01-06 10:00:00,62.84
130,2024-01-06 11:00:00,36.38
131,2024-01-06 12:00:00,34.12
132,2024-01-06 13:00:00,33.82
133,2024-01-06 14:00:00,34.17
134,2024-01-06 15:00:00,39.71
135,2024-01-06 16:00:00,66.11
136,2024-01-06 17:00:00,112.89
137,2024-01-06 18:00:00,134.9
138,2024-01-06 19:00:00,141.47
139,2024-01-06 20:00:00,139.83
140,2024-01-06 21:00:00,136.26
141,2024-01-06 22:00:00,135.58
142,2024-01-06 23:00:00,128.12
143,2024-01-07 00:00:00,134.61
144,2024-01-07 01:00:00,130.78
145,2024-01-07 02:00:00,129.5
146,2024-01-07 03:00:00,126.99
147,2024-01-07 04:00:00,125.79
148,2024-01-07 05:00:00,125.68
149,2024-01-07 06:00:00,127.93
150,2024-01-07 07:00:00,128.26
151,2024-01-07 08:00:00,131.4
152,2024-01-07 09:00:00,134.47
153,2024-01-07 10:00:00,100.36
154,2024-01-07 11:00:00,92.25
155,2024-01-07 12:00:00,85.61
156,2024-01-07 13:00:00,86.8
157,2024-01-07 14:00:00,84.64
158,2024-01-07 15:00:00,81.26
159,2024-01-07 16:00:00,100.59
160,2024-01-07 17:00:00,135.91
161,2024-01-07 18:00:00,149.84
162,2024-01-07 19:00:00,148.19
163,2024-01-07 20:00:00,142.91
164,2024-01-07 21:00:00,138.23
165,2024-01-07 22:00:00,133.79
166,2024-01-07 23:00:00,126.28
167,2024-01-08 00:00:00,130.53
168,2024-01-08 01:00:00,128.24
169,2024-01-08 02:00:00,126.22
170,2024-01-08 03:00:00,123.32
171,2024-01-08 04:00:00,122.81
172,2024-01-08 05:00:00,126.14
173,2024-01-08 06:00:00,137.54
174,2024-01-08 07:00:00,152.44
175,2024-01-08 08:00:00,184.99
176,2024-01-08 09:00:00,179.14
177,2024-01-08 10:00:00,220.88
178,2024-01-08 11:00:00,211.72
179,2024-01-08 12:00:00,202.53
180,2024-01-08 13:00:00,200.75
181,2024-01-08 14:00:00,158.47
182,2024-01-08 15:00:00,168.75
183,2024-01-08 16:00:00,177.66
184,2024-01-08 17:00:00,189.17
185,2024-01-08 18:00:00,244.85
186,2024-01-08 19:00:00,245.37
187,2024-01-08 20:00:00,249.46
188,2024-01-08 21:00:00,245.05
189,2024-01-08 22:00:00,179.52
190,2024-01-08 23:00:00,171.32
191,2024-01-09 00:00:00,135.73
192,2024-01-09 01:00:00,138.38
193,2024-01-09 02:00:00,137.24
194,2024-01-09 03:00:00,136.85
195,2024-01-09 04:00:00,134.99
196,2024-01-09 05:00:00,135.02
197,2024-01-09 06:00:00,140.78
198,2024-01-09 07:00:00,144.16
199,2024-01-09 08:00:00,185.68
200,2024-01-09 09:00:00,181.92
201,2024-01-09 10:00:00,218.54
202,2024-01-09 11:00:00,214.7
203,2024-01-09 12:00:00,213.66
204,2024-01-09 13:00:00,212.79
205,2024-01-09 14:00:00,163.37
206,2024-01-09 15:00:00,173.85
207,2024-01-09 16:00:00,186.15
208,2024-01-09 17:00:00,203.04
209,2024-01-09 18:00:00,252.94
210,2024-01-09 19:00:00,255.27
211,2024-01-09 20:00:00,266.36
212,2024-01-09 21:00:00,244.9
213,2024-01-09 22:00:00,172.73
214,2024-01-09 23:00:00,166.2
215,2024-01-10 00:00:00,129.7
216,2024-01-10 01:00:00,128.02
217,2024-01-10 02:00:00,125.13
218,2024-01-10 03:00:00,122.57
219,2024-01-10 04:00:00,121.35
220,2024-01-10 05:00:00,122.32
221,2024-01-10 06:00:00,132.97
222,2024-01-10 07:00:00,140.92
223,2024-01-10 08:00:00,186.1
224,2024-01-10 09:00:00,184.83
225,2024-01-10 10:00:00,214.45
226,2024-01-10 11:00:00,210.89
227,2024-01-10 12:00:00,206.88
228,2024-01-10 13:00:00,204.57
229,2024-01-10 14:00:00,149.93
230,2024-01-10 15:00:00,150.9
231,2024-01-10 16:00:00,156.78
232,2024-01-10 17:00:00,162.39
233,2024-01-10 18:00:00,223.13
234,2024-01-10 19:00:00,235.88
235,2024-01-10 20:00:00,234.48
236,2024-01-10 21:00:00,219.64
237,2024-01-10 22:00:00,162.33
238,2024-01-10 23:00:00,151.47
239,2024-01-11 00:00:00,129.37
240,2024-01-11 01:00:00,123.81
241,2024-01-11 02:00:00,119.94
242,2024-01-11 03:00:00,116.64
243,2024-01-11 04:00:00,116.14
244,2024-01-11 05:00:00,117.36
245,2024-01-11 06:00:00,123.3
246,2024-01-11 07:00:00,140.06
247,2024-01-11 08:00:00,178.36
248,2024-01-11 09:00:00,172.71
249,2024-01-11 10:00:00,207.18
250,2024-01-11 11:00:00,193.19
251,2024-01-11 12:00:00,190.54
252,2024-01-11 13:00:00,188.24
253,2024-01-11 14:00:00,138.82
254,2024-01-11 15:00:00,141.71
255,2024-01-11 16:00:00,158.2
256,2024-01-11 17:00:00,184.9
257,2024-01-11 18:00:00,247.19
258,2024-01-11 19:00:00,251.23
259,2024-01-11 20:00:00,234.02
260,2024-01-11 21:00:00,222.51
261,2024-01-11 22:00:00,162.67
262,2024-01-11 23:00:00,153.63
263,2024-01-12 00:00:00,126.02
264,2024-01-12 01:00:00,123.68
265,2024-01-12 02:00:00,122.62
266,2024-01-12 03:00:00,119.17
267,2024-01-12 04:00:00,119.26
268,2024-01-12 05:00:00,120.82
269,2024-01-12 06:00:00,126.13
270,2024-01-12 07:00:00,140.36
271,2024-01-12 08:00:00,176.85
272,2024-01-12 09:00:00,165.34
273,2024-01-12 10:00:00,208.69
274,2024-01-12 11:00:00,202.29
275,2024-01-12 12:00:00,199.06
276,2024-01-12 13:00:00,198.68
277,2024-01-12 14:00:00,146.29
278,2024-01-12 15:00:00,149.95
279,2024-01-12 16:00:00,160.97
280,2024-01-12 17:00:00,168.69
281,2024-01-12 18:00:00,242.28
282,2024-01-12 19:00:00,235.14
283,2024-01-12 20:00:00,223.68
284,2024-01-12 21:00:00,214.41
285,2024-01-12 22:00:00,160.68
286,2024-01-12 23:00:00,158.48
287,2024-01-13 00:00:00,134.36
288,2024-01-13 01:00:00,133.24
289,2024-01-13 02:00:00,128.66
290,2024-01-13 03:00:00,126.03
291,2024-01-13 04:00:00,122.25
292,2024-01-13 05:00:00,122.26
293,2024-01-13 06:00:00,124.65
294,2024-01-13 07:00:00,129.06
295,2024-01-13 08:00:00,134.34
296,2024-01-13 09:00:00,135.64
297,2024-01-13 10:00:00,129.15
298,2024-01-13 11:00:00,119.62
299,2024-01-13 12:00:00,108.92
300,2024-01-13 13:00:00,106.26
301,2024-01-13 14:00:00,109.57
302,2024-01-13 15:00:00,119.7
303,2024-01-13 16:00:00,131.45
304,2024-01-13 17:00:00,140.99
305,2024-01-13 18:00:00,150.67
306,2024-01-13 19:00:00,145.56
307,2024-01-13 20:00:00,141.66
308,2024-01-13 21:00:00,139.75
309,2024-01-13 22:00:00,135.17
310,2024-01-13 23:00:00,133.79
311,2024-01-14 00:00:00,135.87
312,2024-01-14 01:00:00,132.4
313,2024-01-14 02:00:00,130.43
314,2024-01-14 03:00:00,124.9
315,2024-01-14 04:00:00,122.19
316,2024-01-14 05:00:00,118.93
317,2024-01-14 06:00:00,118.14
318,2024-01-14 07:00:00,120.82
319,2024-01-14 08:00:00,125.89
320,2024-01-14 09:00:00,125.73
321,2024-01-14 10:00:00,115.19
322,2024-01-14 11:00:00,108.08
323,2024-01-14 12:00:00,106.37
324,2024-01-14 13:00:00,103.18
325,2024-01-14 14:00:00,100.26
326,2024-01-14 15:00:00,102.19
327,2024-01-14 16:00:00,106.92
328,2024-01-14 17:00:00,115.75
329,2024-01-14 18:00:00,129.42
330,2024-01-14 19:00:00,135.91
331,2024-01-14 20:00:00,128.46
332,2024-01-14 21:00:00,127.74
333,2024-01-14 22:00:00,125.88
334,2024-01-14 23:00:00,114.07
335,2024-01-15 00:00:00,123.87
336,2024-01-15 01:00:00,112.7
337,2024-01-15 02:00:00,110.56
338,2024-01-15 03:00:00,107.66
339,2024-01-15 04:00:00,108.96
340,2024-01-15 05:00:00,112.11
341,2024-01-15 06:00:00,113.81
342,2024-01-15 07:00:00,129.41
343,2024-01-15 08:00:00,165.34
344,2024-01-15 09:00:00,165.26
345,2024-01-15 10:00:00,208.99
346,2024-01-15 11:00:00,202.2
347,2024-01-15 12:00:00,196.86
348,2024-01-15 13:00:00,193.36
349,2024-01-15 14:00:00,146.76
350,2024-01-15 15:00:00,155.09
351,2024-01-15 16:00:00,159.95
352,2024-01-15 17:00:00,164.3
353,2024-01-15 18:00:00,228.97
354,2024-01-15 19:00:00,232.37
355,2024-01-15 20:00:00,225.46
356,2024-01-15 21:00:00,217.27
357,2024-01-15 22:00:00,164.2
358,2024-01-15 23:00:00,158.59
359,2024-01-16 00:00:00,128.85
360,2024-01-16 01:00:00,126.7
361,2024-01-16 02:00:00,123.4
362,2024-01-16 03:00:00,120.97
363,2024-01-16 04:00:00,120.77
364,2024-01-16 05:00:00,122.42
365,2024-01-16 06:00:00,130.2
366,2024-01-16 07:00:00,140.41
367,2024-01-16 08:00:00,195.0
368,2024-01-16 09:00:00,186.16
369,2024-01-16 10:00:00,211.48
370,2024-01-16 11:00:00,202.03
371,2024-01-16 12:00:00,203.3
372,2024-01-16 13:00:00,199.34
373,2024-01-16 14:00:00,150.07
374,2024-01-16 15:00:00,149.34
375,2024-01-16 16:00:00,146.46
376,2024-01-16 17:00:00,150.81
377,2024-01-16 18:00:00,201.38
378,2024-01-16 19:00:00,214.57
379,2024-01-16 20:00:00,215.68
380,2024-01-16 21:00:00,202.39
381,2024-01-16 22:00:00,137.51
382,2024-01-16 23:00:00,117.44
383,2024-01-17 00:00:00,62.31
384,2024-01-17 01:00:00,59.31
385,2024-01-17 02:00:00,48.53
386,2024-01-17 03:00:00,47.67
387,2024-01-17 04:00:00,47.64
388,2024-01-17 05:00:00,47.22
389,2024-01-17 06:00:00,60.3
390,2024-01-17 07:00:00,88.02
391,2024-01-17 08:00:00,112.73
392,2024-01-17 09:00:00,112.3
393,2024-01-17 10:00:00,161.57
394,2024-01-17 11:00:00,149.92
395,2024-01-17 12:00:00,130.73
396,2024-01-17 13:00:00,125.47
397,2024-01-17 14:00:00,66.5
398,2024-01-17 15:00:00,68.28
399,2024-01-17 16:00:00,83.05
400,2024-01-17 17:00:00,110.44
401,2024-01-17 18:00:00,162.41
402,2024-01-17 19:00:00,168.94
403,2024-01-17 20:00:00,175.29
404,2024-01-17 21:00:00,166.78
405,2024-01-17 22:00:00,110.75
406,2024-01-17 23:00:00,83.61
407,2024-01-18 00:00:00,40.13
408,2024-01-18 01:00:00,41.42
409,2024-01-18 02:00:00,40.47
410,2024-01-18 03:00:00,37.83
411,2024-01-18 04:00:00,38.7
412,2024-01-18 05:00:00,40.81
413,2024-01-18 06:00:00,39.91
414,2024-01-18 07:00:00,69.41
415,2024-01-18 08:00:00,115.7
416,2024-01-18 09:00:00,125.29
417,2024-01-18 10:00:00,161.49
418,2024-01-18 11:00:00,159.08
419,2024-01-18 12:00:00,153.26
420,2024-01-18 13:00:00,148.19
421,2024-01-18 14:00:00,98.7
422,2024-01-18 15:00:00,112.36
423,2024-01-18 16:00:00,133.75
424,2024-01-18 17:00:00,169.3
425,2024-01-18 18:00:00,230.38
426,2024-01-18 19:00:00,226.55
427,2024-01-18 20:00:00,233.7
428,2024-01-18 21:00:00,226.46
429,2024-01-18 22:00:00,167.46
430,2024-01-18 23:00:00,148.03
431,2024-01-19 00:00:00,117.01
432,2024-01-19 01:00:00,114.02
433,2024-01-19 02:00:00,114.94
434,2024-01-19 03:00:00,105.93
435,2024-01-19 04:00:00,99.27
436,2024-01-19 05:00:00,92.58
437,2024-01-19 06:00:00,103.0
438,2024-01-19 07:00:00,114.79
439,2024-01-19 08:00:00,149.24
440,2024-01-19 09:00:00,154.49
441,2024-01-19 10:00:00,195.81
442,2024-01-19 11:00:00,191.86
443,2024-01-19 12:00:00,192.91
444,2024-01-19 13:00:00,183.84
445,2024-01-19 14:00:00,122.77
446,2024-01-19 15:00:00,123.85
447,2024-01-19 16:00:00,127.35
448,2024-01-19 17:00:00,133.99
449,2024-01-19 18:00:00,195.33
450,2024-01-19 19:00:00,202.18
451,2024-01-19 20:00:00,200.67
452,2024-01-19 21:00:00,196.71
453,2024-01-19 22:00:00,140.64
454,2024-01-19 23:00:00,125.36
455,2024-01-20 00:00:00,118.63
456,2024-01-20 01:00:00,109.04
457,2024-01-20 02:00:00,111.95
458,2024-01-20 03:00:00,112.78
459,2024-01-20 04:00:00,112.61
460,2024-01-20 05:00:00,118.22
461,2024-01-20 06:00:00,122.86
462,2024-01-20 07:00:00,123.93
463,2024-01-20 08:00:00,126.59
464,2024-01-20 09:00:00,131.86
465,2024-01-20 10:00:00,122.7
466,2024-01-20 11:00:00,116.05
467,2024-01-20 12:00:00,113.38
468,2024-01-20 13:00:00,106.47
469,2024-01-20 14:00:00,112.19
470,2024-01-20 15:00:00,119.86
471,2024-01-20 16:00:00,132.59
472,2024-01-20 17:00:00,139.73
473,2024-01-20 18:00:00,142.94
474,2024-01-20 19:00:00,143.64
475,2024-01-20 20:00:00,143.85
476,2024-01-20 21:00:00,144.01
477,2024-01-20 22:00:00,138.71
478,2024-01-20 23:00:00,128.63
479,2024-01-21 00:00:00,116.2
480,2024-01-21 01:00:00,104.58
481,2024-01-21 02:00:00,105.23
482,2024-01-21 03:00:00,105.42
483,2024-01-21 04:00:00,105.74
484,2024-01-21 05:00:00,105.8
485,2024-01-21 06:00:00,105.11
486,2024-01-21 07:00:00,105.68
487,2024-01-21 08:00:00,105.25
488,2024-01-21 09:00:00,102.66
489,2024-01-21 10:00:00,99.09
490,2024-01-21 11:00:00,96.02
491,2024-01-21 12:00:00,94.4
492,2024-01-21 13:00:00,83.58
493,2024-01-21 14:00:00,89.82
494,2024-01-21 15:00:00,92.74
495,2024-01-21 16:00:00,98.09
496,2024-01-21 17:00:00,107.3
497,2024-01-21 18:00:00,127.79
498,2024-01-21 19:00:00,140.73
499,2024-01-21 20:00:00,143.2
500,2024-01-21 21:00:00,141.29
501,2024-01-21 22:00:00,120.29
502,2024-01-21 23:00:00,98.86
503,2024-01-22 00:00:00,93.18
504,2024-01-22 01:00:00,87.45
505,2024-01-22 02:00:00,80.21
506,2024-01-22 03:00:00,68.66
507,2024-01-22 04:00:00,72.11
508,2024-01-22 05:00:00,85.49
509,2024-01-22 06:00:00,95.4
510,2024-01-22 07:00:00,118.99
511,2024-01-22 08:00:00,160.72
512,2024-01-22 09:00:00,154.38
513,2024-01-22 10:00:00,185.34
514,2024-01-22 11:00:00,174.56
515,2024-01-22 12:00:00,168.86
516,2024-01-22 13:00:00,169.51
517,2024-01-22 14:00:00,121.09
518,2024-01-22 15:00:00,122.3
519,2024-01-22 16:00:00,129.68
520,2024-01-22 17:00:00,144.56
521,2024-01-22 18:00:00,216.78
522,2024-01-22 19:00:00,225.11
523,2024-01-22 20:00:00,242.42
524,2024-01-22 21:00:00,223.62
525,2024-01-22 22:00:00,164.32
526,2024-01-22 23:00:00,142.91
527,2024-01-23 00:00:00,100.96
528,2024-01-23 01:00:00,100.65
529,2024-01-23 02:00:00,101.28
530,2024-01-23 03:00:00,101.78
531,2024-01-23 04:00:00,100.22
532,2024-01-23 05:00:00,104.02
533,2024-01-23 06:00:00,109.51
534,2024-01-23 07:00:00,130.85
535,2024-01-23 08:00:00,163.2
536,2024-01-23 09:00:00,155.69
537,2024-01-23 10:00:00,191.62
538,2024-01-23 11:00:00,176.44
539,2024-01-23 12:00:00,170.61
540,2024-01-23 13:00:00,169.54
541,2024-01-23 14:00:00,120.13
542,2024-01-23 15:00:00,124.68
543,2024-01-23 16:00:00,128.15
544,2024-01-23 17:00:00,146.0
545,2024-01-23 18:00:00,212.58
546,2024-01-23 19:00:00,234.82
547,2024-01-23 20:00:00,252.07
548,2024-01-23 21:00:00,224.69
549,2024-01-23 22:00:00,157.97
550,2024-01-23 23:00:00,148.54
551,2024-01-24 00:00:00,126.48
552,2024-01-24 01:00:00,119.73
553,2024-01-24 02:00:00,116.69
554,2024-01-24 03:00:00,114.89
555,2024-01-24 04:00:00,114.16
556,2024-01-24 05:00:00,112.1
557,2024-01-24 06:00:00,120.15
558,2024-01-24 07:00:00,131.25
559,2024-01-24 08:00:00,165.77
560,2024-01-24 09:00:00,149.46
561,2024-01-24 10:00:00,177.57
562,2024-01-24 11:00:00,169.16
563,2024-01-24 12:00:00,166.68
564,2024-01-24 13:00:00,164.22
565,2024-01-24 14:00:00,113.65
566,2024-01-24 15:00:00,118.77
567,2024-01-24 16:00:00,121.86
568,2024-01-24 17:00:00,149.11
569,2024-01-24 18:00:00,206.98
570,2024-01-24 19:00:00,275.24
571,2024-01-24 20:00:00,277.64
572,2024-01-24 21:00:00,217.69
573,2024-01-24 22:00:00,150.11
574,2024-01-24 23:00:00,135.19
575,2024-01-25 00:00:00,103.56
576,2024-01-25 01:00:00,101.12
577,2024-01-25 02:00:00,104.24
578,2024-01-25 03:00:00,99.82
579,2024-01-25 04:00:00,101.81
580,2024-01-25 05:00:00,106.06
581,2024-01-25 06:00:00,113.85
582,2024-01-25 07:00:00,122.14
583,2024-01-25 08:00:00,160.56
584,2024-01-25 09:00:00,153.1
585,2024-01-25 10:00:00,184.86
586,2024-01-25 11:00:00,175.2
587,2024-01-25 12:00:00,174.26
588,2024-01-25 13:00:00,173.98
589,2024-01-25 14:00:00,123.83
590,2024-01-25 15:00:00,122.5
591,2024-01-25 16:00:00,130.24
592,2024-01-25 17:00:00,136.95
593,2024-01-25 18:00:00,210.4
594,2024-01-25 19:00:00,233.44
595,2024-01-25 20:00:00,261.22
596,2024-01-25 21:00:00,221.54
597,2024-01-25 22:00:00,144.58
598,2024-01-25 23:00:00,136.44
599,2024-01-26 00:00:00,107.35
600,2024-01-26 01:00:00,111.45
601,2024-01-26 02:00:00,113.1
602,2024-01-26 03:00:00,114.37
603,2024-01-26 04:00:00,112.53
604,2024-01-26 05:00:00,113.19
605,2024-01-26 06:00:00,117.07
606,2024-01-26 07:00:00,119.81
607,2024-01-26 08:00:00,185.02
608,2024-01-26 09:00:00,140.59
609,2024-01-26 10:00:00,176.49
610,2024-01-26 11:00:00,174.32
611,2024-01-26 12:00:00,166.86
612,2024-01-26 13:00:00,159.3
613,2024-01-26 14:00:00,112.47
614,2024-01-26 15:00:00,116.45
615,2024-01-26 16:00:00,124.51
616,2024-01-26 17:00:00,137.66
617,2024-01-26 18:00:00,205.74
618,2024-01-26 19:00:00,215.1
619,2024-01-26 20:00:00,232.64
620,2024-01-26 21:00:00,210.73
621,2024-01-26 22:00:00,140.75
622,2024-01-26 23:00:00,135.98
623,2024-01-27 00:00:00,112.2
624,2024-01-27 01:00:00,109.23
625,2024-01-27 02:00:00,108.73
626,2024-01-27 03:00:00,105.54
627,2024-01-27 04:00:00,103.8
628,2024-01-27 05:00:00,105.58
629,2024-01-27 06:00:00,107.07
630,2024-01-27 07:00:00,110.41
631,2024-01-27 08:00:00,122.64
632,2024-01-27 09:00:00,116.07
633,2024-01-27 10:00:00,101.62
634,2024-01-27 11:00:00,95.0
635,2024-01-27 12:00:00,85.16
636,2024-01-27 13:00:00,86.02
637,2024-01-27 14:00:00,84.94
638,2024-01-27 15:00:00,87.4
639,2024-01-27 16:00:00,98.26
640,2024-01-27 17:00:00,121.03
641,2024-01-27 18:00:00,142.51
642,2024-01-27 19:00:00,139.79
643,2024-01-27 20:00:00,139.55
644,2024-01-27 21:00:00,136.01
645,2024-01-27 22:00:00,118.75
646,2024-01-27 23:00:00,117.97
647,2024-01-28 00:00:00,113.1
648,2024-01-28 01:00:00,111.81
649,2024-01-28 02:00:00,107.5
650,2024-01-28 03:00:00,102.4
651,2024-01-28 04:00:00,99.29
652,2024-01-28 05:00:00,98.11
653,2024-01-28 06:00:00,101.69
654,2024-01-28 07:00:00,102.97
655,2024-01-28 08:00:00,103.35
656,2024-01-28 09:00:00,100.44
657,2024-01-28 10:00:00,83.65
658,2024-01-28 11:00:00,76.71
659,2024-01-28 12:00:00,82.32
660,2024-01-28 13:00:00,79.19
661,2024-01-28 14:00:00,80.08
662,2024-01-28 15:00:00,79.16
663,2024-01-28 16:00:00,87.56
664,2024-01-28 17:00:00,105.82
665,2024-01-28 18:00:00,114.3
666,2024-01-28 19:00:00,114.91
667,2024-01-28 20:00:00,112.62
668,2024-01-28 21:00:00,106.18
669,2024-01-28 22:00:00,101.59
670,2024-01-28 23:00:00,97.79
671,2024-01-29 00:00:00,90.22
672,2024-01-29 01:00:00,88.89
673,2024-01-29 02:00:00,96.29
674,2024-01-29 03:00:00,98.03
675,2024-01-29 04:00:00,101.89
676,2024-01-29 05:00:00,110.93
677,2024-01-29 06:00:00,125.33
678,2024-01-29 07:00:00,129.63
679,2024-01-29 08:00:00,165.52
680,2024-01-29 09:00:00,151.57
681,2024-01-29 10:00:00,190.85
682,2024-01-29 11:00:00,182.42
683,2024-01-29 12:00:00,180.63
684,2024-01-29 13:00:00,184.78
685,2024-01-29 14:00:00,139.63
686,2024-01-29 15:00:00,141.94
687,2024-01-29 16:00:00,147.11
688,2024-01-29 17:00:00,153.62
689,2024-01-29 18:00:00,227.67
690,2024-01-29 19:00:00,226.3
691,2024-01-29 20:00:00,227.47
692,2024-01-29 21:00:00,207.82
693,2024-01-29 22:00:00,152.35
694,2024-01-29 23:00:00,145.05
695,2024-01-30 00:00:00,114.35
696,2024-01-30 01:00:00,110.76
697,2024-01-30 02:00:00,114.25
698,2024-01-30 03:00:00,110.22
699,2024-01-30 04:00:00,108.92
700,2024-01-30 05:00:00,115.52
701,2024-01-30 06:00:00,122.69
702,2024-01-30 07:00:00,130.75
703,2024-01-30 08:00:00,160.69
704,2024-01-30 09:00:00,151.39
705,2024-01-30 10:00:00,188.1
706,2024-01-30 11:00:00,180.44
707,2024-01-30 12:00:00,177.39
708,2024-01-30 13:00:00,177.65
709,2024-01-30 14:00:00,131.78
710,2024-01-30 15:00:00,132.78
711,2024-01-30 16:00:00,141.13
712,2024-01-30 17:00:00,152.59
713,2024-01-30 18:00:00,215.38
714,2024-01-30 19:00:00,224.41
715,2024-01-30 20:00:00,244.31
716,2024-01-30 21:00:00,209.73
717,2024-01-30 22:00:00,153.02
718,2024-01-30 23:00:00,142.39
719,2024-01-31 00:00:00,114.97
720,2024-01-31 01:00:00,114.1
721,2024-01-31 02:00:00,114.64
722,2024-01-31 03:00:00,113.68
723,2024-01-31 04:00:00,112.85
724,2024-01-31 05:00:00,117.4
725,2024-01-31 06:00:00,126.3
726,2024-01-31 07:00:00,132.91
727,2024-01-31 08:00:00,188.38
728,2024-01-31 09:00:00,154.83
729,2024-01-31 10:00:00,192.32
730,2024-01-31 11:00:00,179.68
731,2024-01-31 12:00:00,177.09
732,2024-01-31 13:00:00,172.9
733,2024-01-31 14:00:00,121.94
734,2024-01-31 15:00:00,121.65
735,2024-01-31 16:00:00,123.46
736,2024-01-31 17:00:00,136.43
737,2024-01-31 18:00:00,202.67
738,2024-01-31 19:00:00,237.31
739,2024-01-31 20:00:00,297.42
740,2024-01-31 21:00:00,207.38
741,2024-01-31 22:00:00,146.75
742,2024-01-31 23:00:00,139.49
743,2024-02-01 00:00:00,111.88
